event,startDate,endDate,adSummonEnabled,type,latestIncludedHeroOfTheMonthDate,advertisedHero,questline,C1,C2,C3,C4,C5,C6,H1,H2,H3,H4,H5,H6,unique_id,unique_id,diff_id,H1_new,H2_new,H3_new,H4_new,H5_new,H6_new,C1_new,C2_new,C3_new,C4_new,C5_new,C6_new
HotM_hotm2025_1995_01,789030000,791708400.0,,HotM,,,,,,,,,,dark_god_zed,,,,,,unique_314,unique_314,HotM_hotm2025_1995_01_789030000,True,,,,,,,,,,,
lottery_season_underwild_2025_1_2,789375600,789721200.0,True,Season4Summon,,s4_zenobia_costume_floral,,,,,,,,s4_zenobia_costume_floral,s4_passepartout_costume_artist,s4_lepiota_costume_undying,,,,unique_183,unique_183,lottery_season_underwild_2025_1_2_789375600,,,,,,,,,,,,
lottery_astralelves_2025_1_6,789462000,789721200.0,False,AstralElvesSummon,,astral_dwarf_maegwyn,astralelves,,,,,,,astral_dwarf_maegwyn,astral_dwarf_salniss,,,,,unique_121,unique_121,lottery_astralelves_2025_1_6_789462000,True,,,,,,,,,,,
2025_01_01,789721200,790066800.0,False,ShadowSummon,,shadow_wulfstan,"shadow_quest_part1,shadow_quest_part2",shadow_shoggo,shadow_cthuwu,,,,,shadow_dolores,shadow_zavinia,shadow_wulfstan,,,,unique_128,unique_128,2025_01_01_789721200,,,True,,,,True,True,,,,
lottery_season_untold_tales1_2025_1_9,789721200,790066800.0,False,UntoldTales1Summon,,tales1_persa_costume_jellyfish_noble,,,,,,,,tales1_persa_costume_jellyfish_noble,tales1_domiventus_costume_supreme,tales1_atlanteia_costume_siren,,,,unique_208,unique_208,lottery_season_untold_tales1_2025_1_9_789721200,True,,,,,,,,,,,
lottery_covenant_2025_01_11,789894000,790239600.0,False,CovenantSummon,,fox_silverpaw,,,,,,,,fox_silverpaw,fox_swiftpaw,slime_charmione,garrison_dima,garrison_kolya,astral_dwarf_quari,unique_77,unique_77,lottery_covenant_2025_01_11_789894000,True,,,,,,,,,,,
lottery_season_atlantis_2025_1_13,790066800,790239600.0,True,Season2Summon,,s2_mercenary_woman_costume_dancer,,,,,,,,s2_mercenary_woman_costume_dancer,fire_god_skargremar,s2_hammerhead_hulk_costume_emerald,holy_god_aviana,,,unique_161,unique_161,lottery_season_atlantis_2025_1_13_790066800,,,,,,,,,,,,
costume_summon__2025_1_13,790153200,790412400.0,False,CostumeSummon,,,costume_quest5,elven_captain_costume_glass,,,,,,forest_male_elf_costume_glass,underworld_champion_costume_glass,,,,,unique_46,unique_46,costume_summon__2025_1_13_790153200,True,True,,,,,True,,,,,
lottery_season_valhalla_2025_1_17,790412400,790671600.0,True,Season3Summon,,s3_norns_costume_puppeteers,,,,,,,,s3_norns_costume_puppeteers,s3_odin_costume_champion,s3_gefjon_costume_wilderness,,,,unique_173,unique_173,lottery_season_valhalla_2025_1_17_790412400,,,,,,,,,,,,
lottery_goblin_2025_1_20,790412400,790671600.0,False,GoblinSummon,,garrison_frostsnout,goblin,,,,,,,garrison_frostsnout,garrison_fergus,,,,,unique_109,unique_109,lottery_goblin_2025_1_20_790412400,True,,,,,,,,,,,
lottery_season_season5_2025_1_6,790671600,791017200.0,False,Season5Summon,,s5_el_naddaha_costume_sea,,s5_scoratek_costume_sentinel,,,,,,s5_el_naddaha_costume_sea,s5_bennu_costume_heron,s5_khafre_costume_aquatic,,,,unique_194,unique_194,lottery_season_season5_2025_1_6_790671600,True,,,,,,True,,,,,
CovenantQuest2,790671600,790930800.0,,CovenantQuest,,,,,,,,,,,,,,,,unique_335,unique_335,CovenantQuest2_790671600,,,,,,,,,,,,
lottery_season_untold_tales2_2025_1_26,791190000,791535600.0,False,UntoldTales2Summon,,tales2_dagr,,,,,,,,tales2_dagr,tales2_andvari,tales2_ott,,,,unique_218,unique_218,lottery_season_untold_tales2_2025_1_26_791190000,True,,,,,,,,,,,
lottery_season_underwild_2025_1_30,791276400,791622000.0,True,Season4Summon,,s4_akkorog_costume_football,,lunar_new_year_xiaoqing,lunar_new_year_baishu,,,,,s4_akkorog_costume_football,s4_xnolphod_costume_jailer,s4_congalach_costume_kelp,,,,unique_184,unique_184,lottery_season_underwild_2025_1_30_791276400,,,,,,,True,True,,,,
pickup_summon_12825,791362800,791535600.0,True,PickupSummon,,,,,,,,,,monster_hunter_hurricane,masquerade_umbria,,,,,unique_280,unique_280,pickup_summon_12825_791362800,,,,,,,,,,,,
lottery_astralelves_2025_1_30,791535600,791794800.0,False,AstralElvesSummon,,astral_dwarf_vard,astralelves,,,,,,,astral_dwarf_vard,astral_dwarf_quari,,,,,unique_118,unique_118,lottery_astralelves_2025_1_30_791535600,True,,,,,,,,,,,
HotM_hotm2025_1995_02,791708400,794127600.0,,HotM,,,,,,,,,,nature_god_mystia,,,,,,unique_315,unique_315,HotM_hotm2025_1995_02_791708400,True,,,,,,,,,,,
lottery_covenant_2025_02_02,791794800,792140400.0,False,CovenantSummon,,fox_sable,,,,,,,,fox_sable,fox_silverpaw,fox_shadowfang,garrison_rosalind,ballerina_armand,ballerina_von_rothbart,unique_78,unique_78,lottery_covenant_2025_02_02_791794800,True,,,,,,,,,,,
lottery_season_untold_tales1_2025_2_3,791881200,792226800.0,False,UntoldTales1Summon,,tales1_spartoi_costume_guard,,tales1_sharkhai_costume_butcher,tales1_jaco_costume_alchemist,,,,,tales1_spartoi_costume_guard,tales1_persa_costume_jellyfish_noble,tales1_domiventus_costume_supreme,,,,unique_209,unique_209,lottery_season_untold_tales1_2025_2_3_791881200,True,,,,,,True,True,,,,
pvpLeague_0,791881200,,,PvPLeague,,,Sign Up,,,,,,,,,,,,,unique_423,unique_423,pvpLeague_0_791881200,,,,,,,,,,,,
lottery_ancient_dragon_2025_2_4,791967600,792313200.0,False,AncientDragonSummon,,dragon_terrorclaw,ancient_dragon,,,,,,,dragon_terrorclaw,dragon_ardentis,dragon_saestrasz,,,,unique_138,unique_138,lottery_ancient_dragon_2025_2_4_791967600,,,,,,,,,,,,
2025_02_06,792140400,792486000.0,False,ShadowSummon,,shadow_penelope,"shadow_quest_part1,shadow_quest_part2",,,,,,,shadow_penelope,shadow_atwood,shadow_wulfstan,,,,unique_130,unique_130,2025_02_06_792140400,True,,,,,,,,,,,
pickup_summon_020825,792313200,792486000.0,True,PickupSummon,,,,,,,,,,christmas_ginger,christmas_zappa,,,,,unique_281,unique_281,pickup_summon_020825_792313200,,,,,,,,,,,,
pvpLeague_1,792486000,,,PvPLeague,,,"Round 1: Druid, Ranger
fable, wonderland, knight",,,,,,,,,,,,,unique_424,unique_424,pvpLeague_1_792486000,,,,,,,,,,,,
lottery_season_atlantis_2025_2_10,792486000,792658800.0,True,Season2Summon,,s2_noble_lady_costume_warrior,,,,,,,,s2_noble_lady_costume_warrior,nature_god_cinisia,s2_tethys,ice_god_sini,,,unique_162,unique_162,lottery_season_atlantis_2025_2_10_792486000,,,,,,,,,,,,
costume_summon__2025_2_10,792572400,792831600.0,False,CostumeSummon,,,costume_quest3,,,,,,,oriental_warrior_king_costume_glass,nomad_female_captain_costume_glass,,,,,unique_47,unique_47,costume_summon__2025_2_10_792572400,True,True,,,,,,,,,,
lottery_goblin_2025_2_17,792831600,793090800.0,False,GoblinSummon,,garrison_maisie,goblin,,,,,,,garrison_maisie,garrison_frostsnout,,,,,unique_108,unique_108,lottery_goblin_2025_2_17_792831600,True,,,,,,,,,,,
ValentinesSeasonalSummon,792831600,795510000.0,,ValentinesSeasonalSummon,,,,,,,,,,valentines_anteros,valentines_matchmaker_dodgrom,,,,,unique_392,unique_392,ValentinesSeasonalSummon_792831600,True,True,,,,,,,,,,
lottery_season_valhalla_2025_2_14,792831600,793090800.0,True,Season3Summon,,s3_ratatoskr_costume_architect,,,,,,,,s3_ratatoskr_costume_architect,s3_fenrir_costume_guardian,s3_skadi_costume_ravager,,,,unique_174,unique_174,lottery_season_valhalla_2025_2_14_792831600,,,,,,,,,,,,
lottery_season_season5_2025_2_3,793090800,793436400.0,False,Season5Summon,,s5_khepri_costume_overlord,,s5_rekhetre_costume_artist,,,,,,s5_khepri_costume_overlord,s5_el_naddaha_costume_sea,s5_bennu_costume_heron,,,,unique_195,unique_195,lottery_season_season5_2025_2_3_793090800,True,,,,,,True,,,,,
pvpLeague_2,793090800,,,PvPLeague,,,"Round 2: Wizard, Rogue
fable, wonderland, knight",,,,,,,,,,,,,unique_425,unique_425,pvpLeague_2_793090800,,,,,,,,,,,,
lottery_instantpower_2025_2_17,793090800,793436400.0,,AscensionSummon,,,,slime_knightus,,,,,,guardian_hippo,guardian_cat_warrior,halloween_miriam_and_midnight,halloween_alucard,,,unique_5,unique_5,lottery_instantpower_2025_2_17_793090800,,,,,,,True,,,,,
lottery_ancient_dragon_2025_2_18,793177200,793522800.0,False,AncientDragonSummon,,dragon_blaze,ancient_dragon,,,,,,,dragon_blaze,dragon_ardentis,dragon_glacio,,,,unique_139,unique_139,lottery_ancient_dragon_2025_2_18_793177200,,,,,,,,,,,,
costume_summon__2025_2_22,793522800,793782000.0,False,CostumeSummon,,,costume_quest5,,,,,,,cultist_sorceress_costume_glass,lionman_barbarian_costume_glass,,,,,unique_48,unique_48,costume_summon__2025_2_22_793522800,,,,,,,,,,,,
lottery_season_untold_tales2_2025_2_23,793609200,793954800.0,False,UntoldTales2Summon,,tales2_hreidmarr,,,,,,,,tales2_hreidmarr,tales2_regin,tales2_dagr,,,,unique_219,unique_219,lottery_season_untold_tales2_2025_2_23_793609200,True,,,,,,,,,,,
lottery_season_underwild_2025_2_27,793695600,794041200.0,True,Season4Summon,,s4_russula_costume_painter,,,,,,,,s4_russula_costume_painter,s4_octros_costume_suitor,s4_doctor_moreau_costume_scribe,,,,unique_185,unique_185,lottery_season_underwild_2025_2_27_793695600,,,,,,,,,,,,
pvpLeague_3,793695600,,,PvPLeague,,,"Round 3: Fighter, Paladin
fable, wonderland, knight",,,,,,,,,,,,,unique_426,unique_426,pvpLeague_3_793695600,,,,,,,,,,,,
pickup_summon_022625,793782000,794041200.0,False,PickupSummon,,,,,,,,,,ballerina_von_rothbart,s5_hathor_costume_starlit,,,,,unique_282,unique_282,pickup_summon_022625_793782000,,,,,,,,,,,,
lottery_covenant_2025_2_26,793868400,794214000.0,False,CovenantSummon,,fox_ashen,,,,,,,,fox_ashen,fox_sable,owl_pertinax,castle_bear_bearnadette,bard_astrid,beowulf_hrothgar,unique_79,unique_79,lottery_covenant_2025_2_26_793868400,True,,,,,,,,,,,
MonsterIsland2_27_2_2025,793954800,794300400.0,,MonsterIslandSummon,,,,,,,,,,monster_hunter_amund,monster_hunter_revna,monster_hunter_sigyn,,,,unique_14,unique_14,MonsterIsland2_27_2_2025_793954800,True,,,,,,,,,,,
lottery_astralelves_2025_2_27,794041200,794300400.0,False,AstralElvesSummon,,astral_dwarf_pluth,astralelves,,,,,,,astral_dwarf_pluth,astral_dwarf_vard,,,,,unique_120,unique_120,lottery_astralelves_2025_2_27_794041200,True,,,,,,,,,,,
HotM_hotm2025_1995_03,794127600,796806000.0,,HotM,,,,,,,,,,fire_god_eliane,,,,,,unique_316,unique_316,HotM_hotm2025_1995_03_794127600,True,,,,,,,,,,,
lottery_goblin_2025_3_3,794300400,794559600.0,False,GoblinSummon,,garrison_maisie,goblin,,,,,,,garrison_maisie,garrison_dima,,,,,unique_111,unique_111,lottery_goblin_2025_3_3_794300400,,,,,,,,,,,,
pvpLeague_4,794300400,,,PvPLeague,,,"Round 4: Sorcerer, Barbarian
fable, wonderland, knight",,,,,,,,,,,,,unique_427,unique_427,pvpLeague_4_794300400,,,,,,,,,,,,
lottery_season_untold_tales1_2025_3_3,794300400,794646000.0,False,UntoldTales1Summon,,tales1_ceto_costume_queen,,,,,,,,tales1_ceto_costume_queen,tales1_medea_costume_goddess,tales1_spartoi_costume_guard,,,,unique_210,unique_210,lottery_season_untold_tales1_2025_3_3_794300400,True,,,,,,,,,,,
lottery_ancient_dragon_2025_3_4,794386800,794732400.0,False,AncientDragonSummon,,dragon_stormcaller,ancient_dragon,,,,,,,dragon_stormcaller,dragon_doombringer,dragon_marmora,,,,unique_140,unique_140,lottery_ancient_dragon_2025_3_4_794386800,,,,,,,,,,,,
2025_03_06,794559600,794905200.0,False,ShadowSummon,,shadow_burton,"shadow_quest_part1,shadow_quest_part2",,,,,,,shadow_burton,shadow_penelope,shadow_dolores,,,,unique_129,unique_129,2025_03_06_794559600,True,,,,,,,,,,,
lottery_covenant_2025_3_8,794732400,795078000.0,False,CovenantSummon,,fox_sable,,,,,,,,fox_sable,fox_shadowfang,fox_silverpaw,garrison_kolya,slime_sludgus,astral_dwarf_quari,unique_80,unique_80,lottery_covenant_2025_3_8_794732400,,,,,,,,,,,,
lottery_legendary_troop_sorcerer_ranger,794991600,795250800.0,False,LegendaryTroopSummon,,,,,,,,,,,,,,,,unique_231,unique_231,lottery_legendary_troop_sorcerer_ranger_794991600,,,,,,,,,,,,
costume_summon__2025_3_10,794991600,795250800.0,False,CostumeSummon,,,costume_quest4,oriental_female_templar_costume_glass,forest_mage_costume_glass,dwarwen_brewmaster_costume_glass,forest_female_druid_costume_glass,cultist_mage_costume_glass,oriental_female_mage_costume_glass,exalted_warrior_costume_glass,nordic_male_lord_costume_glass,,,,,unique_49,unique_49,costume_summon__2025_3_10_794991600,True,,,,,,True,True,True,True,True,True
pickup_summon_031225,795078000,795164400.0,False,PickupSummon,,,,,,,,,,construct_nautica,kingdom_zhuge_liang_costume_crane,,,,,unique_283,unique_283,pickup_summon_031225_795078000,,,,,,,,,,,,
lottery_goblin_2025_3_17,795250800,795510000.0,False,GoblinSummon,,garrison_archibald,goblin,,,,,,,garrison_archibald,garrison_iocantha,,,,,unique_110,unique_110,lottery_goblin_2025_3_17_795250800,True,,,,,,,,,,,
lottery_season_valhalla_2025_3_14,795250800,795510000.0,True,Season3Summon,,s3_loki_female_costume_mother,,,,,,,,s3_loki_female_costume_mother,s3_heimdall_costume_dreaded,s3_loki_male_costume_shapeshifter,,,,unique_175,unique_175,lottery_season_valhalla_2025_3_14_795250800,,,,,,,,,,,,
pickup_summon_031625,795423600,795510000.0,False,PickupSummon,,,,,,,,,,gargoyle_mena,elemental_gastille,,,,,unique_284,unique_284,pickup_summon_031625_795423600,,,,,,,,,,,,
lottery_birthday_2025,795510000,796114800.0,False,BlackSummon,,wild_cat_leonie,,,,,,,,wild_cat_leonie,wild_cat_rajesh,,,,,unique_75,unique_75,lottery_birthday_2025_795510000,True,True,,,,,,,,,,
SummonChallenge_795510000,795510000,795596400.0,,SummonChallenge,,,,,,,,,10,,,,,,,unique_16,unique_16,SummonChallenge_795510000_795510000,,,,,,,,,,,,
lottery_season_season5_2025_3_3,795510000,795855600.0,False,Season5Summon,,s5_sekhmet_costume_warden,,s5_jarif_costume_curator,,,,,,s5_sekhmet_costume_warden,s5_khepri_costume_overlord,s5_el_naddaha_costume_sea,,,,unique_196,unique_196,lottery_season_season5_2025_3_3_795510000,True,,,,,,True,,,,,
lottery_ancient_dragon_2025_3_18,795596400,795942000.0,False,AncientDragonSummon,,dragon_mordax,ancient_dragon,,,,,,,dragon_mordax,dragon_noctur,dragon_lux,,,,unique_141,unique_141,lottery_ancient_dragon_2025_3_18_795596400,,,,,,,,,,,,
CovenantQuest1,795769200,796028400.0,,CovenantQuest,,,,,,,,,,,,,,,,unique_336,unique_336,CovenantQuest1_795769200,,,,,,,,,,,,
costume_summon__2025_3_20,795769200,796028400.0,False,CostumeSummon,,,costume_quest5,moth_tealmoine,,,,,,nomad_female_captain_costume_glass,cultist_sorceress_costume_glass,,,,,unique_50,unique_50,costume_summon__2025_3_20_795769200,,,,,,,True,,,,,
lottery_season_untold_tales2_2025_3_23,796028400,796374000.0,False,UntoldTales2Summon,,tales2_aethslegaur,,,,,,,,tales2_aethslegaur,tales2_gandr,tales2_andvari,,,,unique_220,unique_220,lottery_season_untold_tales2_2025_3_23_796028400,True,,,,,,,,,,,
lottery_season_underwild_2025_3_27,796114800,796460400.0,True,Season4Summon,,s4_hulda_costume_nurse,,,,,,,,s4_hulda_costume_nurse,s4_kravekrush_costume_grillmaster,s4_morel_costume_sage,,,,unique_186,unique_186,lottery_season_underwild_2025_3_27_796114800,,,,,,,,,,,,
lottery_instantpower_2025_3_24,796114800,796460400.0,,AscensionSummon,,,,,,,,,,s5_hathor,s5_cleopatra,bard_phenexa,bard_rhys,,,unique_4,unique_4,lottery_instantpower_2025_3_24_796114800,,,,,,,,,,,,
pickup_summon_032525,796213800,796300200.0,False,PickupSummon,,,,,,,,,,gargoyle_pophit,gargoyle_garten,,,,,unique_285,unique_285,pickup_summon_032525_796213800,,,,,,,,,,,,
lottery_wilderness_2025_26_3,796287600,796568400.0,False,WildernessSummon,,faun_maud,,,,,,,,faun_maud,faun_yolanda,beowulf_wealhtheow,moth_grovevert,,,unique_93,unique_93,lottery_wilderness_2025_26_3_796287600,True,True,,,,,,,,,,
hero_coach_1,796374000,796633200.0,,HeroCoach,,,Cutoff: 2023/03/28,,,,,,,,,,,,,unique_11,unique_11,hero_coach_1_796374000,,,,,,,,,,,,
lottery_astralelves_2025_3_27,796374000,796633200.0,False,AstralElvesSummon,,astral_dwarf_ixinn,astralelves,,,,,,,astral_dwarf_ixinn,astral_dwarf_salniss,,,,,unique_119,unique_119,lottery_astralelves_2025_3_27_796374000,True,,,,,,,,,,,
lottery_legendary_troop_sorcerer_ranger1,796460400,796719600.0,False,LegendaryTroopSummon,,,,,,,,,,,,,,,,unique_232,unique_232,lottery_legendary_troop_sorcerer_ranger1_796460400,,,,,,,,,,,,
lottery_covenant_2025_3_29,796568400,796806000.0,False,CovenantSummon,,garrison_rosalind,,,,,,,,ballerina_armand,beowulf_ecgtheow,fox_whitefang,garrison_archibald,fox_sable,garrison_rosalind,unique_81,unique_81,lottery_covenant_2025_3_29_796568400,,,,,,,,,,,,
EasterSummon,796719600,800348400.0,,EasterSummon,,,,,,,,,,easter_viscount_cluckwood,easter_sadie,easter_miss_ethel,,,,unique_393,unique_393,EasterSummon_796719600,True,True,,,,,,,,,,
lottery_season_untold_tales1_2025_3_31,796719600,797065200.0,False,UntoldTales1Summon,,tales1_ephyra_costume_reef,,tales1_mulgog_costume_bard,,,,,,tales1_ephyra_costume_reef,tales1_ceto_costume_queen,tales1_gestalt_costume_pearls,,,,unique_211,unique_211,lottery_season_untold_tales1_2025_3_31_796719600,True,,,,,,True,,,,,
HotM_hotm2025_1995_04,796806000,799398000.0,,HotM,,,,,,,,,,ice_god_claeg,,,,,,unique_311,unique_311,HotM_hotm2025_1995_04_796806000,True,,,,,,,,,,,
pickup_summon_033125,796806000,796978800.0,False,PickupSummon,,,,,,,,,,ballerina_odile,ballerina_daroga,,,,,unique_286,unique_286,pickup_summon_033125_796806000,,,,,,,,,,,,
lottery_ancient_dragon_2025_4_1,796806000,797151600.0,False,AncientDragonSummon,,dragon_primula,ancient_dragon,,,,,,,dragon_primula,dragon_bonefang,dragon_aranth,,,,unique_142,unique_142,lottery_ancient_dragon_2025_4_1_796806000,,,,,,,,,,,,
2025_04_03,796978800,797324400.0,False,ShadowSummon,,shadow_rosanna,"shadow_quest_part1,shadow_quest_part2",,,,,,,shadow_rosanna,shadow_burton,shadow_atwood,,,,unique_131,unique_131,2025_04_03_796978800,True,,,,,,,,,,,
pickup_summon_040425,797065200,797238000.0,True,PickupSummon,,,,,,,,,,guardian_chameleon,guardian_gazelle_costume_bandalore,,,,,unique_287,unique_287,pickup_summon_040425_797065200,,,,,,,,,,,,
lottery_wilderness_2025_2_4,797151600,797497200.0,False,WildernessSummon,,garrison_fergus,,,,,,,,garrison_fergus,owl_pertinax,faun_bramble,faun_yolanda,,,unique_94,unique_94,lottery_wilderness_2025_2_4_797151600,,,,,,,,,,,,
costume_summon__2025_4_8,797410800,797670000.0,False,CostumeSummon,,,costume_quest3,nomad_axe_adventurer_costume_glass,goblin_mage_costume_glass,blackguard_female_captain_costume_glass,,,,oriental_enchanted_monk_costume_glass,oriental_female_mystic_costume_glass,,,,,unique_51,unique_51,costume_summon__2025_4_8_797410800,True,,,,,,True,True,True,,,
lottery_legendary_troop_fighter_rogue,797583600,797929200.0,False,LegendaryTroopSummon,,,,,,,,,,,,,,,,unique_233,unique_233,lottery_legendary_troop_fighter_rogue_797583600,,,,,,,,,,,,
lottery_goblin_2025_4_11,797670000,797929200.0,False,GoblinSummon,,garrison_flamehide,goblin,,,,,,,garrison_flamehide,garrison_archibald,,,,,unique_112,unique_112,lottery_goblin_2025_4_11_797670000,True,,,,,,,,,,,
lottery_season_valhalla_2025_4_11,797670000,797929200.0,True,Season3Summon,,s3_bera_costume_conjurer,,,,,,,,s3_bera_costume_conjurer,s3_frigg_costume_clairvoyance,s3_freya_costume_witch,,,,unique_176,unique_176,lottery_season_valhalla_2025_4_11_797670000,,,,,,,,,,,,
pickup_summon_04_1325,797842800,798015600.0,True,PickupSummon,,,,,,,,,,s3_loki_male_costume_shapeshifter,ninja_oniwakamaru,,,,,unique_288,unique_288,pickup_summon_04_1325_797842800,,,,,,,,,,,,
lottery_season_season5_2025_3_31,797929200,798274800.0,False,Season5Summon,,s5_hathor_costume_starlit,,s5_waqas_costume_blade,,,,,,s5_maat_costume_river,s5_hathor_costume_starlit,s5_tetisheri_costume_molten,,,,unique_197,unique_197,lottery_season_season5_2025_3_31_797929200,,,,,,,True,,,,,
lottery_season_untold_tales2_2025_4_14,797929200,798274800.0,False,UntoldTales2Summon,,tales2_hogne,,,,,,,,tales2_hogne,tales2_dularfulr,tales2_regin,,,,unique_221,unique_221,lottery_season_untold_tales2_2025_4_14_797929200,True,,,,,,,,,,,
lottery_covenant_2025_4_14,797943600,798274800.0,False,CovenantSummon,,fox_foxley,,,,,,,,fox_foxley,garrison_fergus,fox_shadowfang,slime_sludgus,garrison_dima,beowulf_hrothgar,unique_82,unique_82,lottery_covenant_2025_4_14_797943600,True,,,,,,,,,,,
lottery_ancient_dragon_2025_4_15,798015600,798361200.0,False,AncientDragonSummon,,dragon_ombro,ancient_dragon,,,,,,,dragon_ombro,dragon_leafheart,dragon_zostrasz,,,,unique_143,unique_143,lottery_ancient_dragon_2025_4_15_798015600,,,,,,,,,,,,
pickup_summon_test,798274800,798447600.0,False,PickupSummon,,,,,,,,,,halloween_chester,ninja_malum,,,,,unique_289,unique_289,pickup_summon_test_798274800,,,,,,,,,,,,
lottery_wilderness_2025_4_19,798274800,798706800.0,False,WildernessSummon,,faun_philomena,,,,,,,,faun_philomena,faun_verity,faun_peregrine,bard_balafon,,,unique_95,unique_95,lottery_wilderness_2025_4_19_798274800,True,,,,,,,,,,,
lottery_astralelves_2025_4_21,798534000,798879600.0,False,AstralElvesSummon,,astral_dwarf_ceris,astralelves,,,,,,,astral_dwarf_ceris,astral_dwarf_ixinn,,,,,unique_122,unique_122,lottery_astralelves_2025_4_21_798534000,True,,,,,,,,,,,
lottery_season_underwild_2025_4_24,798534000,798879600.0,True,Season4Summon,,s4_xenda_costume_flame,,,,,,,,s4_xenda_costume_flame,s4_lepiota_costume_undying,s4_doctor_moreau_costume_scribe,,,,unique_187,unique_187,lottery_season_underwild_2025_4_24_798534000,,,,,,,,,,,,
SecretSummonExperienceMimicRed,798620400,798706800.0,,SecretSummon,,,,,,,,,,mimic_training_hero_red,,,,,,unique_21,unique_21,SecretSummonExperienceMimicRed_798620400,True,,,,,,,,,,,
costume_summon__2025_4_23,798706800,799052400.0,False,CostumeSummon,,,costume_quest5,undead_captain_warrior_costume_glass,nomad_female_berserker_costume_glass,nomad_female_swordmaster_costume_glass,forest_female_spirit_costume_glass,,,magitech_sniper_costume_glass,nordic_male_lord_costume_glass,,,,,unique_52,unique_52,costume_summon__2025_4_23_798706800,True,,,,,,True,True,True,True,,
lottery_legendary_troop_fighter_rogue1,798793200,799138800.0,False,LegendaryTroopSummon,,,,,,,,,,,,,,,,unique_234,unique_234,lottery_legendary_troop_fighter_rogue1_798793200,,,,,,,,,,,,
lottery_instantpower_2025_4_26,798966000,799311600.0,,AscensionSummon,,,,,,,,,,guardian_gazelle,guardian_chameleon,s3_loki_male,s3_freya,,,unique_6,unique_6,lottery_instantpower_2025_4_26_798966000,,,,,,,,,,,,
pickup_summon_04_27,799052400,799225200.0,True,PickupSummon,,,,,,,,,,halloween_alucard_costume_mafia,ninja_umeko,,,,,unique_290,unique_290,pickup_summon_04_27_799052400,,,,,,,,,,,,
visiting_outfitter_2,799138800,799398000.0,,VisitingOutfitter,,,Cutoff: 2023/10/27,,,,,,,,,,,,,unique_321,unique_321,visiting_outfitter_2_799138800,,,,,,,,,,,,
lottery_ancient_dragon_2025_4_28,799138800,799484400.0,False,AncientDragonSummon,,dragon_spiculum,ancient_dragon,,,,,,,dragon_spiculum,dragon_dreamcatcher,dragon_ignis,,,,unique_144,unique_144,lottery_ancient_dragon_2025_4_28_799138800,,,,,,,,,,,,
lottery_goblin_2025_4_29,799225200,799570800.0,False,GoblinSummon,,garrison_iarlaith,goblin,,,,,,,garrison_iarlaith,garrison_kolya,,,,,unique_113,unique_113,lottery_goblin_2025_4_29_799225200,True,,,,,,,,,,,
lottery_season_untold_tales1_2025_4_29,799225200,799570800.0,False,UntoldTales1Summon,,tales1_phorcys_costume_warrior_god,,tales1_bagreg_costume_scout,,,,,,tales1_phorcys_costume_warrior_god,tales1_domiventus_costume_supreme,tales1_medea_costume_goddess,,,,unique_212,unique_212,lottery_season_untold_tales1_2025_4_29_799225200,,,,,,,True,,,,,
HotM_hotm2025_1995_05,799398000,802076400.0,,HotM,,,,,,,,,,holy_god_may,,,,,,unique_312,unique_312,HotM_hotm2025_1995_05_799398000,True,,,,,,,,,,,
SecretSummonExperienceMimicBlue,799570800,799657200.0,,SecretSummon,,,,,,,,,,mimic_training_hero_blue,,,,,,unique_22,unique_22,SecretSummonExperienceMimicBlue_799570800,True,,,,,,,,,,,
pickup_summon_050325,799570800,799743600.0,False,PickupSummon,,,,,,,,,,monster_hunter_revna,elemental_craum,,,,,unique_291,unique_291,pickup_summon_050325_799570800,,,,,,,,,,,,
lottery_season_valhalla_2025_5_9,799657200,799916400.0,True,Season3Summon,,s3_alfrike_costume_hatter,,slime_gooze,,,,,,s3_alfrike_costume_hatter,s3_tyr_costume_savage,s3_sif_costume_golden,,,,unique_177,unique_177,lottery_season_valhalla_2025_5_9_799657200,,,,,,,True,,,,,
lottery_wilderness_2025_5_6,799830000,800002800.0,False,WildernessSummon,,bard_astrid,,,,,,,,faun_bramble,faun_ascian,bard_astrid,beowulf_grendel,,,unique_96,unique_96,lottery_wilderness_2025_5_6_799830000,,,,,,,,,,,,
lottery_astralelves_2025_5_7,799916400,800262000.0,False,AstralElvesSummon,,astral_dwarf_gongoth,astralelves,,,,,,,astral_dwarf_gongoth,astral_dwarf_ceris,,,,,unique_117,unique_117,lottery_astralelves_2025_5_7_799916400,True,,,,,,,,,,,
lottery_covenant_2025_5_8,800002800,800348400.0,False,CovenantSummon,,fox_ember,,,,,,,,fox_ember,garrison_flamehide,fox_silverpaw,garrison_pip,moth_satinpimenter,garrison_maisie,unique_83,unique_83,lottery_covenant_2025_5_8_800002800,True,,,,,,,,,,,
lottery_season_underwild_2025_5_22,800089200,800434800.0,True,Season4Summon,,s4_hannah_costume_drover,,,,,,,,s4_hannah_costume_drover,s4_professor_lidenbrock_costume_jeweler,s4_elizabeth_costume_bride,,,,unique_188,unique_188,lottery_season_underwild_2025_5_22_800089200,,,,,,,,,,,,
pickup_summon_09_0525,800098200,800348400.0,False,PickupSummon,,,,,,,,,,fox_whitefang,tales1_medea_costume_goddess,,,,,unique_293,unique_293,pickup_summon_09_0525_800098200,,,,,,,,,,,,
costume_summon__2025_5_10,800175600,800521200.0,False,CostumeSummon,,,costume_quest4,orc_troopmaster_costume_glass,forest_woodsman_warrior_costume_glass,oriental_brawler_costume_glass,forest_archer_costume_glass,,,elven_archer_costume_glass,magitech_sniper_costume_glass,,,,,unique_53,unique_53,costume_summon__2025_5_10_800175600,True,,,,,,True,True,True,True,,
lottery_legendary_troop_ranger_sorcerer,800348400,800607600.0,False,LegendaryTroopSummon,,,,,,,,,,,,,,,,unique_235,unique_235,lottery_legendary_troop_ranger_sorcerer_800348400,,,,,,,,,,,,
lottery_wilderness_2025_12_5,800364600,800694000.0,False,WildernessSummon,,moth_auricarc,,,,,,,,moth_auricarc,garrison_archibald,magic_carpet_naeem,astral_dwarf_ceris,,,unique_98,unique_98,lottery_wilderness_2025_12_5_800364600,,,,,,,,,,,,
2025_05_13,800434800,800780400.0,False,ShadowSummon,,shadow_asketel,"shadow_quest_part1,shadow_quest_part2",,,,,,,shadow_asketel,shadow_rosanna,shadow_burton,,,,unique_132,unique_132,2025_05_13_800434800,True,,,,,,,,,,,
lottery_season_season5_2025_4_28,800521200,800866800.0,False,Season5Summon,,s5_set_costume_tyrant,,,,,,,,s5_set_costume_tyrant,s5_sobek_costume_guardian,s5_papyros_costume_colossus,,,,unique_198,unique_198,lottery_season_season5_2025_4_28_800521200,True,,,,,,,,,,,
SecretSummonExperienceMimicGreen,800607600,800694000.0,,SecretSummon,,,,,,,,,,mimic_training_hero_green,,,,,,unique_23,unique_23,SecretSummonExperienceMimicGreen_800607600,True,,,,,,,,,,,
lottery_ancient_dragon_2025_5_15,800607600,800953200.0,False,AncientDragonSummon,,dragon_regium,ancient_dragon,,,,,,,dragon_regium,dragon_cindron,dragon_stargazer,,,,unique_145,unique_145,lottery_ancient_dragon_2025_5_15_800607600,,,,,,,,,,,,
lottery_season_untold_tales2_2025_5_16,800694000,801039600.0,False,UntoldTales2Summon,,tales2_thrivaldi,,tales2_dain,,,,,,tales2_thrivaldi,tales2_hreidmarr,tales2_dagr,,,,unique_222,unique_222,lottery_season_untold_tales2_2025_5_16_800694000,True,,,,,,True,,,,,
lottery_instantpower_2025_5_17,800780400,801039600.0,,AscensionSummon,,,,,,,,,,ninja_oniwakamaru,ninja_myoinni,monster_hunter_goretooth,monster_hunter_hawthorn,,,unique_7,unique_7,lottery_instantpower_2025_5_17_800780400,,,,,,,,,,,,
lottery_hotm_event_2025_5_19,800953200,801212400.0,False,LegendsSummon,767862000,champions_mistra,hotm_quest4,,,,,,,champions_mistra,,,,,,unique_63,unique_63,lottery_hotm_event_2025_5_19_800953200,,,,,,,,,,,,
pvpLeague_0,801039600,,,PvPLeague,,,Sign Up,,,,,,,,,,,,,unique_428,unique_428,pvpLeague_0_801039600,,,,,,,,,,,,
CovenantQuest2,801039600,801298800.0,,CovenantQuest,,,,,,,,,,,,,,,,unique_337,unique_337,CovenantQuest2_801039600,,,,,,,,,,,,
lottery_wilderness_2025_5_20,801039600,801385200.0,False,WildernessSummon,,faun_jolyon,,,,,,,,faun_jolyon,faun_bramble,faun_verity,faun_yolanda,,,unique_97,unique_97,lottery_wilderness_2025_5_20_801039600,True,,,,,,,,,,,
pickup_summon_200525,801055800,801126000.0,False,PickupSummon,,,,,,,,,,garrison_pip,garrison_iocantha,,,,,unique_294,unique_294,pickup_summon_200525_801055800,,,,,,,,,,,,
pickup_summon_052125,801126000,801298800.0,True,PickupSummon,,,,,,,,,,fox_rust,fox_spiff,,,,,unique_292,unique_292,pickup_summon_052125_801126000,,,,,,,,,,,,
CovenantQuest1,801298800,801558000.0,,CovenantQuest,,,,,,,,,,,,,,,,unique_338,unique_338,CovenantQuest1_801298800,,,,,,,,,,,,
lottery_season_atlantis_2025_5_23,801298800,801644400.0,True,Season2Summon,,s2_fox_girl_costume_white_kitsune,,,,,,,,s2_fox_girl_costume_white_kitsune,dark_god_uthragan,s2_mercenary_woman_costume_dancer,fire_god_zidane,,,unique_163,unique_163,lottery_season_atlantis_2025_5_23_801298800,,,,,,,,,,,,
loterry_covenant_2025_5_31,801399600,801644400.0,False,CovenantSummon,,astral_dwarf_ceris,,,,,,,,fox_sable,garrison_flamehide,astral_dwarf_quari,magic_milena_costume_ice,astral_dwarf_gongoth,astral_dwarf_ceris,unique_84,unique_84,loterry_covenant_2025_5_31_801399600,,,,,,,,,,,,
lottery_ancient_dragon_2025_5_26,801558000,801903600.0,False,AncientDragonSummon,,dragon_doomweaver,ancient_dragon,,,,,,,dragon_doomweaver,dragon_ardentis,dragon_saestrasz,,,,unique_146,unique_146,lottery_ancient_dragon_2025_5_26_801558000,,,,,,,,,,,,
SummonChallenge_801558000,801558000,801644400.0,,SummonChallenge,,,,,,,,,10,,,,,,,unique_17,unique_17,SummonChallenge_801558000_801558000,,,,,,,,,,,,
lottery_goblin_2025_5_27,801644400,801990000.0,False,GoblinSummon,,garrison_ciara,goblin,,,,,,,garrison_ciara,garrison_iarlaith,,,,,unique_114,unique_114,lottery_goblin_2025_5_27_801644400,True,,,,,,,,,,,
pvpLeague_1,801644400,,,PvPLeague,,,"Round 1: Wizard, Monk
jotunheim, muspelheim, midgard, vanaheim, asgard, alfheim, helheim, svartalfheim, niflheim",,,,,,,,,,,,,unique_429,unique_429,pvpLeague_1_801644400,,,,,,,,,,,,
pickup_summon_280525,801730800,801903600.0,False,PickupSummon,,,,,,,,,,elemental_gastille,ninja_oniwakamaru,,,,,unique_295,unique_295,pickup_summon_280525_801730800,,,,,,,,,,,,
lottery_legendary_troop_ranger_sorcerer1,801730800,801990000.0,False,LegendaryTroopSummon,,,,,,,,,,,,,,,,unique_236,unique_236,lottery_legendary_troop_ranger_sorcerer1_801730800,,,,,,,,,,,,
lottery_season_untold_tales1_2025_5_28,801730800,802076400.0,False,UntoldTales1Summon,,tales1_ultrox_costume_ethereal,,tales1_aqualith_costume_purple,,,,,,tales1_ultrox_costume_ethereal,tales1_spartoi_costume_guard,tales1_ceto_costume_queen,,,,unique_213,unique_213,lottery_season_untold_tales1_2025_5_28_801730800,True,,,,,,True,,,,,
pickup_summon310525,801990000,802076400.0,False,PickupSummon,,,,,,,,,,goblin_grimsteel,gargoyle_hilda,,,,,unique_296,unique_296,pickup_summon310525_801990000,,,,,,,,,,,,
SecretSummonExperienceMimicYellow,801990000,802076400.0,,SecretSummon,,,,,,,,,,mimic_training_hero_yellow,,,,,,unique_24,unique_24,SecretSummonExperienceMimicYellow_801990000,True,,,,,,,,,,,
HotM_hotm2025_1995_06,802076400,804668400.0,,HotM,,,,,,,,,,dark_god_akilius,,,,,,unique_317,unique_317,HotM_hotm2025_1995_06_802076400,True,,,,,,,,,,,
lottery_season_valhalla_2025_6_6,802076400,802422000.0,True,Season3Summon,,s3_loki_fish_costume_dapper,,,,,,,,s3_loki_fish_costume_dapper,s3_baldur_costume_fiery,s3_thor_costume_conduit,,,,unique_178,unique_178,lottery_season_valhalla_2025_6_6_802076400,,,,,,,,,,,,
pvpLeague_2,802249200,,,PvPLeague,,,"Round 2: Cleric, Rogue
jotunheim, muspelheim, midgard, vanaheim, asgard, alfheim, helheim, svartalfheim, niflheim",,,,,,,,,,,,,unique_430,unique_430,pvpLeague_2_802249200,,,,,,,,,,,,
seasonal_beach_party_802249200,802249200,805878000.0,,Beachparty,,,,,,,,,,beachparty_andy_jay,beachparty_serena,beachparty_flip_costume_donut,,,,unique_438,unique_438,seasonal_beach_party_802249200_802249200,True,True,True,,,,,,,,,
seasonal_brawl_summer_brawl,802249200,803458800.0,,SeasonalBrawl,,,,,,,,,,,,,,,,unique_439,unique_439,seasonal_brawl_summer_brawl_802249200,,,,,,,,,,,,
loterry_covenant_2025_6_3,802249200,802594800.0,False,CovenantSummon,,fox_nibbles,,,,,,,,fox_nibbles,tales2_hreidmarr,fox_sable,fox_silverpaw,tales2_dagr,beowulf_ecgtheow,unique_85,unique_85,loterry_covenant_2025_6_3_802249200,True,,,,,,,,,,,
lottery_astralelves_2025_6_4,802335600,802681200.0,False,AstralElvesSummon,,astral_dwarf_haumri,astralelves,astral_dwarf_errin,astral_dwarf_chires,,,,,astral_dwarf_haumri,astral_dwarf_ixinn,,,,,unique_123,unique_123,lottery_astralelves_2025_6_4_802335600,True,,,,,,True,True,,,,
lottery_limitbreakitemsummon_2025_6_4,802335600,802508400.0,False,LimitBreakItemSummon,,,,,,,,,,,,,,,,unique_244,unique_244,lottery_limitbreakitemsummon_2025_6_4_802335600,,,,,,,,,,,,
pickup_summon_050625,802440000,802506600.0,False,PickupSummon,,,,,,,,,,s3_loki_male_costume_shapeshifter,garrison_theodosius,,,,,unique_297,unique_297,pickup_summon_050625_802440000,,,,,,,,,,,,
lottery_season_underwild_2025_6_19,802508400,802854000.0,True,Season4Summon,,s4_zekena_costume_vines,,,,,,,,s4_zekena_costume_vines,s4_phileas_fogg_costume_engineer,s4_lepiota_costume_undying,,,,unique_189,unique_189,lottery_season_underwild_2025_6_19_802508400,,,,,,,,,,,,
SecretSummonExperienceMimicPurple,802508400,802594800.0,,SecretSummon,,,,,,,,,,mimic_training_hero_purple,,,,,,unique_25,unique_25,SecretSummonExperienceMimicPurple_802508400,True,,,,,,,,,,,
lottery_ascensionitemsummon_2025_6_7,802594800,802767600.0,False,AscensionItemSummon,,,,,,,,,,,,,,,,unique_262,unique_262,lottery_ascensionitemsummon_2025_6_7_802594800,,,,,,,,,,,,
lottery_super_elemental_yellow_2025_6_7,802594800,802940400.0,False,SuperElementalSummon,,slime_goldrip,super_elemental_quest_yellow,,,,,,,slime_goldrip,slime_gooric,,,,,unique_65,unique_65,lottery_super_elemental_yellow_2025_6_7_802594800,True,,,,,,,,,,,
lottery_wilderness_2025_6_8,802681200,803026800.0,False,WildernessSummon,,faun_bramble,,,,,,,,faun_bramble,faun_ascian,faun_philomena,faun_ysabel,,,unique_99,unique_99,lottery_wilderness_2025_6_8_802681200,,,,,,,,,,,,
pickup_summon_090625,802785600,802938600.0,True,PickupSummon,,,,,,,,,,tales1_medea_costume_goddess,tales2_gandr,,,,,unique_298,unique_298,pickup_summon_090625_802785600,,,,,,,,,,,,
lottery_ancient_dragon_2025_6_10,802854000,803199600.0,False,AncientDragonSummon,,dragon_goldbeak,ancient_dragon,,,,,,,dragon_goldbeak,dragon_terrorclaw,dragon_glacio,,,,unique_147,unique_147,lottery_ancient_dragon_2025_6_10_802854000,,,,,,,,,,,,
pvpLeague_3,802854000,,,PvPLeague,,,"Round 3: Sorcerer, Druid
jotunheim, muspelheim, midgard, vanaheim, asgard, alfheim, helheim, svartalfheim, niflheim",,,,,,,,,,,,,unique_431,unique_431,pvpLeague_3_802854000,,,,,,,,,,,,
2025_06_10,802854000,803199600.0,False,ShadowSummon,,shadow_hysteria,"shadow_quest_part1,shadow_quest_part2",,,,,,,shadow_hysteria,shadow_asketel,shadow_penelope,,,,unique_133,unique_133,2025_06_10_802854000,True,,,,,,,,,,,
lottery_limitbreakitemsummon_2025_6_11,802940400,803113200.0,False,LimitBreakItemSummon,,,,,,,,,,,,,,,,unique_245,unique_245,lottery_limitbreakitemsummon_2025_6_11_802940400,,,,,,,,,,,,
lottery_season_season5_2025_5_26,802940400,803286000.0,False,Season5Summon,,s5_eset_costume_goldensun,,,,,,,,s5_eset_costume_goldensun,s5_hathor_costume_starlit,s5_hetepheres_costume_spa,,,,unique_199,unique_199,lottery_season_season5_2025_5_26_802940400,True,,,,,,,,,,,
lottery_legendary_troop_barbarian_monk,802940400,803199600.0,False,LegendaryTroopSummon,,,,,,,,,,,,,,,,unique_237,unique_237,lottery_legendary_troop_barbarian_monk_802940400,,,,,,,,,,,,
loterry_instantpower_2025_6_12,803026800,803372400.0,,AscensionSummon,,,,,,,,,,tales1_phorcys,tales1_galapago,dark_god_hel,ice_god_perseus,,,unique_8,unique_8,loterry_instantpower_2025_6_12_803026800,,,,,,,,,,,,
pickup_summon_120625,803044800,803197800.0,False,PickupSummon,,,,,,,,,,slime_fungustine,fox_silverpaw,,,,,unique_299,unique_299,pickup_summon_120625_803044800,,,,,,,,,,,,
lottery_season_untold_tales2_2025_6_13,803113200,803458800.0,False,UntoldTales2Summon,,tales2_fafnir,,,,,,,,tales2_fafnir,tales2_dularfulr,tales2_thrivaldi,,,,unique_223,unique_223,lottery_season_untold_tales2_2025_6_13_803113200,True,,,,,,,,,,,
lottery_ascensionitemsummon_2025_6_14,803199600,803372400.0,False,AscensionItemSummon,,,,,,,,,,,,,,,,unique_263,unique_263,lottery_ascensionitemsummon_2025_6_14_803199600,,,,,,,,,,,,
lottery_hotm_event_2025_6_16,803372400,803631600.0,False,LegendsSummon,770540400,champions_ramona,hotm_quest4,,,,,,,champions_ramona,,,,,,unique_64,unique_64,lottery_hotm_event_2025_6_16_803372400,,,,,,,,,,,,
SecretSummonExperienceMimicRed,803372400,803415600.0,,SecretSummon,,,,,,,,,,mimic_training_hero_red,,,,,,unique_26,unique_26,SecretSummonExperienceMimicRed_803372400,,,,,,,,,,,,
lottery_solstice_2025,803372400,803977200.0,False,BlackSummon,,mahayoddha_bhima,,,,,,,,mahayoddha_bhima,mahayoddha_chitrangada,,,,,unique_76,unique_76,lottery_solstice_2025_803372400,True,True,,,,,,,,,,
SecretSummonExperienceMimicBlue,803415600,803458800.0,,SecretSummon,,,,,,,,,,mimic_training_hero_blue,,,,,,unique_27,unique_27,SecretSummonExperienceMimicBlue_803415600,,,,,,,,,,,,
SecretSummonExperienceMimicGreen,803458800,803502000.0,,SecretSummon,,,,,,,,,,mimic_training_hero_green,,,,,,unique_28,unique_28,SecretSummonExperienceMimicGreen_803458800,,,,,,,,,,,,
pvpLeague_4,803458800,,,PvPLeague,,,"Round 4: Ranger, Fighter
jotunheim, muspelheim, midgard, vanaheim, asgard, alfheim, helheim, svartalfheim, niflheim",,,,,,,,,,,,,unique_432,unique_432,pvpLeague_4_803458800,,,,,,,,,,,,
SecretSummonExperienceMimicYellow,803502000,803545200.0,,SecretSummon,,,,,,,,,,mimic_training_hero_yellow,,,,,,unique_29,unique_29,SecretSummonExperienceMimicYellow_803502000,,,,,,,,,,,,
costume_summon__2025_6_18,803545200,803890800.0,False,CostumeSummon,,,costume_quest5,,,,,,,nordic_ice_enchantress_costume_glass,tribal_chief_costume_glass,,,,,unique_54,unique_54,costume_summon__2025_6_18_803545200,True,True,,,,,,,,,,
lottery_limitbreakitemsummon_2025_6_18,803545200,803718000.0,False,LimitBreakItemSummon,,,,,,,,,,,,,,,,unique_246,unique_246,lottery_limitbreakitemsummon_2025_6_18_803545200,,,,,,,,,,,,
SecretSummonExperienceMimicPurple,803545200,803588400.0,,SecretSummon,,,,oriental_panda_warrior_costume_glass,lizardman_trapper_costume_glass,nordic_chained_werewolf_costume_glass,forest_friar_costume_glass,,,mimic_training_hero_purple,,,,,,unique_30,unique_30,SecretSummonExperienceMimicPurple_803545200,,,,,,,True,True,True,True,,
SecretSummonExperienceMimicRed,803588400,803631600.0,,SecretSummon,,,,,,,,,,mimic_training_hero_red,,,,,,unique_31,unique_31,SecretSummonExperienceMimicRed_803588400,,,,,,,,,,,,
SecretSummonExperienceMimicBlue,803631600,803674800.0,,SecretSummon,,,,,,,,,,mimic_training_hero_blue,,,,,,unique_32,unique_32,SecretSummonExperienceMimicBlue_803631600,,,,,,,,,,,,
SecretSummonExperienceMimicGreen,803674800,803718000.0,,SecretSummon,,,,,,,,,,mimic_training_hero_green,,,,,,unique_33,unique_33,SecretSummonExperienceMimicGreen_803674800,,,,,,,,,,,,
lottery_super_elemental_yellow_2025_6_20,803718000,804063600.0,False,SuperElementalSummon,,elemental_jequn_costume_gilded,super_elemental_quest_yellow,,,,,,,elemental_jequn_costume_gilded,slime_goldrip,,,,,unique_67,unique_67,lottery_super_elemental_yellow_2025_6_20_803718000,True,,,,,,,,,,,
SecretSummonExperienceMimicYellow,803718000,803761200.0,,SecretSummon,,,,,,,,,,mimic_training_hero_yellow,,,,,,unique_34,unique_34,SecretSummonExperienceMimicYellow_803718000,,,,,,,,,,,,
lottery_season_atlantis_2025_6_20,803718000,804063600.0,True,Season2Summon,,s2_junglehunter_costume_party,,,,,,,,s2_junglehunter_costume_party,fire_god_neema,s2_fox_girl_costume_white_kitsune,ice_god_mene,,,unique_164,unique_164,lottery_season_atlantis_2025_6_20_803718000,,,,,,,,,,,,
SecretSummonExperienceMimicPurple,803761200,803804400.0,,SecretSummon,,,,,,,,,,mimic_training_hero_purple,,,,,,unique_35,unique_35,SecretSummonExperienceMimicPurple_803761200,,,,,,,,,,,,
lottery_ascensionitemsummon_2025_6_21,803804400,803977200.0,False,AscensionItemSummon,,,,,,,,,,,,,,,,unique_264,unique_264,lottery_ascensionitemsummon_2025_6_21_803804400,,,,,,,,,,,,
SecretSummonExperienceMimicRed,803804400,803847600.0,,SecretSummon,,,,,,,,,,mimic_training_hero_red,,,,,,unique_36,unique_36,SecretSummonExperienceMimicRed_803804400,,,,,,,,,,,,
pickup_summon_210625,803818800,803995200.0,False,PickupSummon,,,,,,,,,,faun_isidore,guardian_elephant,,,,,unique_300,unique_300,pickup_summon_210625_803818800,,,,,,,,,,,,
SecretSummonExperienceMimicBlue,803847600,803890800.0,,SecretSummon,,,,,,,,,,mimic_training_hero_blue,,,,,,unique_37,unique_37,SecretSummonExperienceMimicBlue_803847600,,,,,,,,,,,,
SecretSummonExperienceMimicGreen,803890800,803934000.0,,SecretSummon,,,,,,,,,,mimic_training_hero_green,,,,,,unique_38,unique_38,SecretSummonExperienceMimicGreen_803890800,,,,,,,,,,,,
loterry_covenant_2025_6_23,803977200,804322800.0,False,CovenantSummon,,tales2_fafnir,,,,,,,,magic_carpet_zazha,shadow_hysteria,tales2_fafnir,fox_foxley,fox_ember,fox_nibbles,unique_86,unique_86,loterry_covenant_2025_6_23_803977200,,,,,,,,,,,,
lottery_goblin_2025_6_24,804063600,804409200.0,False,GoblinSummon,,garrison_archibald,goblin,,,,,,,garrison_archibald,garrison_dima,,,,,unique_115,unique_115,lottery_goblin_2025_6_24_804063600,,,,,,,,,,,,
SecretSummonExperienceMimicYellow,804150000,804236400.0,,SecretSummon,,,,moth_chimister,,,,,,mimic_training_hero_yellow,,,,,,unique_39,unique_39,SecretSummonExperienceMimicYellow_804150000,,,,,,,True,,,,,
lottery_limitbreakitemsummon_2025_6_25,804150000,804322800.0,False,LimitBreakItemSummon,,,,,,,,,,,,,,,,unique_247,unique_247,lottery_limitbreakitemsummon_2025_6_25_804150000,,,,,,,,,,,,
lottery_ancient_dragon_2025_6_25,804150000,804495600.0,False,AncientDragonSummon,,dragon_timewatcher,ancient_dragon,,,,,,,dragon_timewatcher,dragon_blaze,dragon_veneno,,,,unique_148,unique_148,lottery_ancient_dragon_2025_6_25_804150000,,,,,,,,,,,,
lottery_season_untold_tales1_2025_6_26,804236400,804582000.0,False,UntoldTales1Summon,,tales1_gelert_costume_scavenger,,,,,,,,tales1_gelert_costume_scavenger,tales1_atlanteia_costume_siren,tales1_gestalt_costume_pearls,,,,unique_214,unique_214,lottery_season_untold_tales1_2025_6_26_804236400,True,,,,,,,,,,,
lottery_legendary_troop_barbarian_monk1,804236400,804495600.0,False,LegendaryTroopSummon,,,,,,,,,,,,,,,,unique_238,unique_238,lottery_legendary_troop_barbarian_monk1_804236400,,,,,,,,,,,,
SummonChallenge_804322800,804322800,804409200.0,,SummonChallenge,,,,,,,,,30,,,,,,,unique_15,unique_15,SummonChallenge_804322800_804322800,,,,,,,,,,,,
lottery_ascensionitemsummon_2025_6_281,804409200,804582000.0,False,AscensionItemSummon,,,,,,,,,,,,,,,,unique_265,unique_265,lottery_ascensionitemsummon_2025_6_281_804409200,,,,,,,,,,,,
lottery_wilderness_2025_6_28,804409200,804754800.0,False,WildernessSummon,,wild_cat_lennart,,,,,,,,wild_cat_lennart,wild_cat_leonie,wild_cat_rajesh,elemental_gastille,,,unique_100,unique_100,lottery_wilderness_2025_6_28_804409200,True,,,,,,,,,,,
hero_coach_2,804495600,804754800.0,,HeroCoach,,,Cutoff: 2023/06/30,,,,,,,,,,,,,unique_12,unique_12,hero_coach_2_804495600,,,,,,,,,,,,
PvP_804499200,804499200,805017600.0,,PvPEvent,,,★5 Rush 🔴❌️,,,,,,,,,,,,,unique_396,unique_396,PvP_804499200_804499200,,,,,,,,,,,,
pickup_summon_290625,804510000,804582000.0,False,PickupSummon,,,,,,,,,,astral_dwarf_salniss,bard_balafon,,,,,unique_301,unique_301,pickup_summon_290625_804510000,,,,,,,,,,,,
path_of_valor_30_6_2025,804582000,807001200.0,,ValorSeason,,,path_of_valor_3,outlaw_chao_gai,,,,,,,,,,,,unique_351,unique_351,path_of_valor_30_6_2025_804582000,,,,,,,True,,,,,
path_of_giants_30_6_2025,804582000,807001200.0,,GiantsSeason,,,path_of_giants_8,,,,,,,,,,,,,unique_359,unique_359,path_of_giants_30_6_2025_804582000,,,,,,,,,,,,
lottery_season_valhalla_2025_7_4,804668400,805014000.0,True,Season3Summon,,s3_norns_costume_puppeteers,,,,,,,,s3_norns_costume_puppeteers,s3_odin_costume_champion,s3_gefjon_costume_wilderness,,,,unique_179,unique_179,lottery_season_valhalla_2025_7_4_804668400,,,,,,,,,,,,
seasonal_brawl_summer_brawl_part_2,804668400,805878000.0,,SeasonalBrawl,,,,,,,,,,,,,,,,unique_440,unique_440,seasonal_brawl_summer_brawl_part_2_804668400,,,,,,,,,,,,
HotM_hotm2025_1995_07,804668400,807346800.0,,HotM,,,,,,,,,,nature_god_florenna,,,,,,unique_318,unique_318,HotM_hotm2025_1995_07_804668400,True,,,,,,,,,,,
lottery_astralelves_2025_7_2,804754800,805100400.0,False,AstralElvesSummon,,astral_dwarf_orcur,astralelves,,,,,,,astral_dwarf_orcur,astral_dwarf_ceris,,,,,unique_124,unique_124,lottery_astralelves_2025_7_2_804754800,True,,,,,,,,,,,
lottery_limitbreakitemsummon_2025_7_2,804754800,804927600.0,False,LimitBreakItemSummon,,,,,,,,,,,,,,,,unique_249,unique_249,lottery_limitbreakitemsummon_2025_7_2_804754800,,,,,,,,,,,,
pickup_summon_020725,804767400,804927600.0,False,PickupSummon,,,,,,,,,,monster_hunter_revna,tales1_domiventus_costume_supreme,,,,,unique_302,unique_302,pickup_summon_020725_804767400,,,,,,,,,,,,
SecretSummonAscensionMimicRed,804927600,805014000.0,,SecretSummon,,,,,,,,,,mimic_ascension_item_red,,,,,,unique_40,unique_40,SecretSummonAscensionMimicRed_804927600,True,,,,,,,,,,,
lottery_super_elemental_green_2025_12_29,804927600,805273200.0,False,SuperElementalSummon,,slime_verdigoo,super_elemental_quest_green,slime_fruitio,,,,,,slime_verdigoo,slime_goorian,,,,,unique_72,unique_72,lottery_super_elemental_green_2025_12_29_804927600,True,,,,,,True,,,,,
lottery_ascensionitemsummon_2025_7_5,805014000,805186800.0,False,AscensionItemSummon,,,,,,,,,,,,,,,,unique_266,unique_266,lottery_ascensionitemsummon_2025_7_5_805014000,,,,,,,,,,,,
lottery_covenant_2025_7_6,805100400,805446000.0,False,CovenantSummon,,fox_halcyon,,fox_foxglove,,,,,,fox_halcyon,slime_goldrip,elemental_ignazio_costume_medic,beowulf_nithgaest,moth_auricarc,garrison_ciara,unique_87,unique_87,lottery_covenant_2025_7_6_805100400,True,,,,,,True,,,,,
lottery_season_underwild_2025_7_17,805100400,805446000.0,True,Season4Summon,,s4_exeera_costume_hierophant,,,,,,,,s4_exeera_costume_hierophant,s4_hannah_costume_drover,s4_akkorog_costume_football,,,,unique_190,unique_190,lottery_season_underwild_2025_7_17_805100400,,,,,,,,,,,,
PvP_805104000,805104000,805622400.0,,PvPEvent,,,★3 Air Support ALL OK,,,,,,,,,,,,,unique_397,unique_397,PvP_805104000_805104000,,,,,,,,,,,,
pickup_summon_070725,805201200,805359600.0,False,PickupSummon,,,,,,,,,,astral_dwarf_maegwyn,kingdom_diaochan_costume_flowers,,,,,unique_303,unique_303,pickup_summon_070725_805201200,,,,,,,,,,,,
2025_07_08,805273200,805618800.0,False,ShadowSummon,,shadow_salvatore,"shadow_quest_part1,shadow_quest_part2",,,,,,,shadow_salvatore,shadow_burton,shadow_hysteria,,,,unique_134,unique_134,2025_07_08_805273200,True,,,,,,,,,,,
lottery_ancient_dragon_2025_7_8,805273200,805618800.0,False,AncientDragonSummon,,dragon_decoris,ancient_dragon,,,,,,,dragon_decoris,dragon_stormcaller,dragon_marmora,,,,unique_149,unique_149,lottery_ancient_dragon_2025_7_8_805273200,,,,,,,,,,,,
lottery_legendary_troop_cleric_paladin,805359600,805618800.0,False,LegendaryTroopSummon,,,,,,,,,,,,,,,,unique_239,unique_239,lottery_legendary_troop_cleric_paladin_805359600,,,,,,,,,,,,
lottery_limitbreakitemsummon_2025_7_9,805359600,805532400.0,False,LimitBreakItemSummon,,,,,,,,,,,,,,,,unique_250,unique_250,lottery_limitbreakitemsummon_2025_7_9_805359600,,,,,,,,,,,,
lottery_season_season5_2025_6_23,805446000,805791600.0,False,Season5Summon,,s5_sneferu_costume_vanquisher,,,,,,,,s5_sneferu_costume_vanquisher,s5_horus_costume_golden,s5_anubis_costume_dancefloor,,,,unique_200,unique_200,lottery_season_season5_2025_6_23_805446000,True,,,,,,,,,,,
lottery_wilderness_2025_7_10,805446000,805705200.0,False,WildernessSummon,,outlaw_ruan_xiaoqi,,,,,,,,astral_dwarf_gongoth,bard_astrid,astral_dwarf_quari,outlaw_ruan_xiaoqi,,,unique_101,unique_101,lottery_wilderness_2025_7_10_805446000,,,,,,,,,,,,
lottery_season_untold_tales2_2025_7_11,805532400,805878000.0,False,UntoldTales2Summon,,tales2_fimafeng,,,,,,,,tales2_fimafeng,tales2_fafnir,tales2_hogne,,,,unique_224,unique_224,lottery_season_untold_tales2_2025_7_11_805532400,True,,,,,,,,,,,
lottery_ascensionitemsummon_2025_7_12,805618800,805791600.0,False,AscensionItemSummon,,,,,,,,,,,,,,,,unique_267,unique_267,lottery_ascensionitemsummon_2025_7_12_805618800,,,,,,,,,,,,
SummonChallenge_805618800,805618800,805705200.0,,SummonChallenge,,,,,,,,,20,,,,,,,unique_18,unique_18,SummonChallenge_805618800_805618800,,,,,,,,,,,,
pickup_summon_071225,805618800,805705200.0,False,PickupSummon,,,,,,,,,,beowulf_wealhtheow,bard_bhaltair,,,,,unique_304,unique_304,pickup_summon_071225_805618800,,,,,,,,,,,,
CovenantQuest2,805705200,805964400.0,,CovenantQuest,,,,,,,,,,,,,,,,unique_339,unique_339,CovenantQuest2_805705200,,,,,,,,,,,,
RecurringBeowulf,805705200,806050800.0,,Challenge,,beowulf_grendels_mother,,,,,,,,beowulf_grendels_mother,beowulf_nithgaest,beowulf_modthryth,,,,unique_1,unique_1,RecurringBeowulf_805705200,True,,,,,,,,,,,
PvP_805708800,805708800,806227200.0,,PvPEvent,,,★5 Buff Booster 🟡❌️,,,,,,,,,,,,,unique_398,unique_398,PvP_805708800_805708800,,,,,,,,,,,,
TreasureQuestLGTroop,805791600,805964400.0,,TreasureQuest,,,TreasureQuestLGTroop,musketeer,pirate,bard,circus,villains,,,,,,,,unique_341,unique_341,TreasureQuestLGTroop_805791600,,,,,,,,,,,,
path_of_dragons_14_7_2025,805791600,808210800.0,,PathOfDragonsSeason,,,path_of_dragons_1,,,,,,,,,,,,,unique_367,unique_367,path_of_dragons_14_7_2025_805791600,,,,,,,,,,,,
lottery_instantpower_2025_7_14,805791600,806137200.0,,AscensionSummon,,,,,,,,,,tales1_ceto,tales1_ephyra,guardian_elephant,guardian_gorilla_chieftain,,,unique_3,unique_3,lottery_instantpower_2025_7_14_805791600,,,,,,,,,,,,
pickup_summon_071425,805809600,805964400.0,True,PickupSummon,,,,,,,,,,moth_satinpimenter,moth_mortewitch,,,,,unique_305,unique_305,pickup_summon_071425_805809600,,,,,,,,,,,,
costume_summon__2025_6_30,805964400,806310000.0,False,CostumeSummon,,,costume_quest5,blackguard_knight_costume_glass,oriental_falconer_costume_glass,nomad_female_shaman_costume_glass,goblin_fighter_costume_glass,,,nomad_female_lord_costume_glass,nordic_ice_enchantress_costume_glass,,,,,unique_55,unique_55,costume_summon__2025_6_30_805964400,True,,,,,,True,True,True,True,,
lottery_limitbreakitemsummon_2025_7_16,805964400,806137200.0,False,LimitBreakItemSummon,,,,,,,,,,,,,,,,unique_252,unique_252,lottery_limitbreakitemsummon_2025_7_16_805964400,,,,,,,,,,,,
lottery_season_atlantis_2025_6_30,806050800,806396400.0,True,Season2Summon,,s2_mercenary_woman_costume_dancer,,,,,,,,s2_mercenary_woman_costume_dancer,nature_god_leadria,s2_hammerhead_hulk_costume_emerald,holy_god_faeona,,,unique_165,unique_165,lottery_season_atlantis_2025_6_30_806050800,,,,,,,,,,,,
pickup_summon_071725,806063400,806137200.0,False,PickupSummon,,,,,,,,,,s3_loki_male_costume_shapeshifter,ninja_oniwakamaru,,,,,unique_306,unique_306,pickup_summon_071725_806063400,,,,,,,,,,,,
lottery_wilderness_2025_7_18,806137200,806482800.0,False,WildernessSummon,,wild_cat_imagus,,,,,,,,wild_cat_imagus,wild_cat_lennart,slime_gooric,astral_dwarf_ceris,,,unique_102,unique_102,lottery_wilderness_2025_7_18_806137200,True,,,,,,,,,,,
lottery_super_elemental_green_2026_1_26,806137200,806482800.0,False,SuperElementalSummon,,elemental_roz_costume_disco,super_elemental_quest_green,,,,,,,elemental_roz_costume_disco,slime_verdigoo,,,,,unique_73,unique_73,lottery_super_elemental_green_2026_1_26_806137200,True,,,,,,,,,,,
lottery_ascensionitemsummon_2025_7_19,806223600,806396400.0,False,AscensionItemSummon,,,,,,,,,,,,,,,,unique_268,unique_268,lottery_ascensionitemsummon_2025_7_19_806223600,,,,,,,,,,,,
PvP_806313600,806313600,806832000.0,,PvPEvent,,,★4 Rush ALL OK,,,,,,,,,,,,,unique_399,unique_399,PvP_806313600_806313600,,,,,,,,,,,,
pickup_summon_072025,806320800,806482800.0,True,PickupSummon,,,,,,,,,,fox_silverpaw,s5_anubis_costume_dancefloor,,,,,unique_307,unique_307,pickup_summon_072025_806320800,,,,,,,,,,,,
mythic_titan_baba_yaga,806396400,806569200.0,,Mythic,,,,,,,,,,,,,,,,unique_331,unique_331,mythic_titan_baba_yaga_806396400,,,,,,,,,,,,
lottery_goblin_2025_7_22,806482800,806828400.0,False,GoblinSummon,,garrison_godfrey,goblin,,,,,,,garrison_godfrey,garrison_flamehide,,,,,unique_116,unique_116,lottery_goblin_2025_7_22_806482800,True,,,,,,,,,,,
lottery_ancient_dragon_2025_7_22,806482800,806828400.0,False,AncientDragonSummon,,dragon_pearlwing,ancient_dragon,,,,,,,dragon_pearlwing,dragon_mordax,dragon_doombringer,,,,unique_150,unique_150,lottery_ancient_dragon_2025_7_22_806482800,,,,,,,,,,,,
pickup_summon_072225,806495400,806655600.0,True,PickupSummon,,,,,,,,,,astral_dwarf_vard,tales2_dagr,,,,,unique_308,unique_308,pickup_summon_072225_806495400,,,,,,,,,,,,
TowerMagic,806569200,807001200.0,,Tower,,magic_carpet_zazha,,,,,,,,magic_carpet_agadh,magic_ray_costume_spiky,magic_carpet_elyssa,,,,unique_326,unique_326,TowerMagic_806569200,True,True,,,,,,,,,,
lottery_limitbreakitemsummon_2025_7_23,806569200,806742000.0,False,LimitBreakItemSummon,,,,,,,,,,,,,,,,unique_251,unique_251,lottery_limitbreakitemsummon_2025_7_23_806569200,,,,,,,,,,,,
lottery_season_untold_tales1_2025_7_24,806655600,807001200.0,False,UntoldTales1Summon,,tales1_gestalt_costume_pearls,,,,,,,,tales1_gestalt_costume_pearls,tales1_gelert_costume_scavenger,tales1_ultrox_costume_ethereal,,,,unique_215,unique_215,lottery_season_untold_tales1_2025_7_24_806655600,,,,,,,,,,,,
lottery_covenant_2025_7_25,806742000,807087600.0,False,CovenantSummon,,outlaw_li_kui,,,,,,,,outlaw_li_kui,tales2_dularfulr,beowulf_hrothgar,tales2_fafnir,slime_goldrip,bard_dunnar_hart,unique_88,unique_88,lottery_covenant_2025_7_25_806742000,,,,,,,,,,,,
lottery_ascensionitemsummon_2025_7_26,806828400,807001200.0,False,AscensionItemSummon,,,,,,,,,,,,,,,,unique_269,unique_269,lottery_ascensionitemsummon_2025_7_26_806828400,,,,,,,,,,,,
SecretSummonAscensionMimicBlue,806828400,806914800.0,,SecretSummon,,,,,,,,,,mimic_ascension_item_blue,,,,,,unique_41,unique_41,SecretSummonAscensionMimicBlue_806828400,True,,,,,,,,,,,
lottery_astralelves_2025_7_27,806914800,807260400.0,False,AstralElvesSummon,,astral_dwarf_sedille,astralelves,,,,,,,astral_dwarf_sedille,astral_dwarf_haumri,,,,,unique_125,unique_125,lottery_astralelves_2025_7_27_806914800,True,,,,,,,,,,,
lottery_legendary_troop_cleric_paladin1,806914800,807174000.0,False,LegendaryTroopSummon,,,,,,,,,,,,,,,,unique_240,unique_240,lottery_legendary_troop_cleric_paladin1_806914800,,,,,,,,,,,,
PvP_806918400,806918400,807436800.0,,PvPEvent,,,★5 Bloody 🔴❌️,,,,,,,,,,,,,unique_400,unique_400,PvP_806918400_806918400,,,,,,,,,,,,
KalevalaSummon,807001200,810630000.0,,KalevalaSummon,,,,kalevala_ilmarinen_costume_gold,kalevala_lemminkainen_costume_swan,kalevala_joukahainen_costume_frozen,,,,kalevala_suomuhauki,kalevala_mother_lemminkainen,kalevala_louhi_costume_mistress,,,,unique_394,unique_394,KalevalaSummon_807001200,True,True,True,,,,True,True,True,,,
visiting_outfitter_3,807001200,807260400.0,,VisitingOutfitter,,,Cutoff: 2024/01/26,,,,,,,,,,,,,unique_322,unique_322,visiting_outfitter_3_807001200,,,,,,,,,,,,
lottery_season_valhalla_2025_8_1,807001200,807346800.0,True,Season3Summon,,s3_ratatoskr_costume_architect,,,,,,,,s3_ratatoskr_costume_architect,s3_fenrir_costume_guardian,s3_skadi_costume_ravager,,,,unique_180,unique_180,lottery_season_valhalla_2025_8_1_807001200,,,,,,,,,,,,
path_of_valor_28_7_2025,807001200,809420400.0,,ValorSeason,,,path_of_valor_4,,,,,,,,,,,,,unique_352,unique_352,path_of_valor_28_7_2025_807001200,,,,,,,,,,,,
seasonal_brawl_kalevala_brawl,807001200,808210800.0,,SeasonalBrawl,,,,,,,,,,,,,,,,unique_441,unique_441,seasonal_brawl_kalevala_brawl_807001200,,,,,,,,,,,,
path_of_giants_28_7_2025,807001200,809420400.0,,GiantsSeason,,,path_of_giants_9,,,,,,,,,,,,,unique_360,unique_360,path_of_giants_28_7_2025_807001200,,,,,,,,,,,,
2025_07_29,807087600,807433200.0,False,ShadowSummon,,shadow_gwendoline,"shadow_quest_part1,shadow_quest_part2",,,,,,,shadow_gwendoline,shadow_atwood,shadow_hysteria,,,,unique_135,unique_135,2025_07_29_807087600,True,,,,,,,,,,,
lottery_limitbreakitemsummon_2025_7_30,807174000,807346800.0,False,LimitBreakItemSummon,,,,,,,,,,,,,,,,unique_248,unique_248,lottery_limitbreakitemsummon_2025_7_30_807174000,,,,,,,,,,,,
lottery_super_elemental_blue_2025_6_16,807260400,807606000.0,False,SuperElementalSummon,,slime_gloozmer,super_elemental_quest_blue,slime_choozen,,,,,,slime_gloozmer,slime_magistine,,,,,unique_66,unique_66,lottery_super_elemental_blue_2025_6_16_807260400,True,,,,,,True,,,,,
SummonChallenge_807346800,807346800,807433200.0,,SummonChallenge,,,,,,,,,20,,,,,,,unique_19,unique_19,SummonChallenge_807346800_807346800,,,,,,,,,,,,
HotM_hotm2025_1995_08,807346800,810025200.0,,HotM,,,,,,,,,,fire_god_maple,,,,,,unique_313,unique_313,HotM_hotm2025_1995_08_807346800,True,,,,,,,,,,,
mercenary_war_28_7_2025,807433200,807865200.0,False,MercenaryWarSummon,,,,,,,,,,outlaw_sun_erniang,outlaw_ruan_xiaoqi,outlaw_song_jiang,,,,unique_156,unique_156,mercenary_war_28_7_2025_807433200,True,,,,,,,,,,,
lottery_ascensionitemsummon_2025_8_2,807433200,807606000.0,False,AscensionItemSummon,,,,,,,,,,,,,,,,unique_270,unique_270,lottery_ascensionitemsummon_2025_8_2_807433200,,,,,,,,,,,,
lottery_season_underwild_2025_8_14,807433200,807778800.0,True,Season4Summon,,s4_lughaidh_costume_deathless,,,,,,,,s4_lughaidh_costume_deathless,s4_phileas_fogg_costume_engineer,s4_elizabeth_costume_bride,,,,unique_191,unique_191,lottery_season_underwild_2025_8_14_807433200,,,,,,,,,,,,
lottery_wilderness_2025_8_3,807519600,807865200.0,False,WildernessSummon,,faun_bramble,,,,,,,,faun_bramble,astral_dwarf_haumri,slime_gooric,beowulf_grendels_mother,,,unique_103,unique_103,lottery_wilderness_2025_8_3_807519600,,,,,,,,,,,,
PvP_807523200,807523200,808041600.0,,PvPEvent,,,★3 Buff Booster ALL OK,,,,,,,,,,,,,unique_401,unique_401,PvP_807523200_807523200,,,,,,,,,,,,
TreasureQuestXPBlue,807606000,807778800.0,,TreasureQuest,,,TreasureQuestXPBlue,muspelheim,alfheim,asgard,vanaheim,kalevala,,,,,,,,unique_342,unique_342,TreasureQuestXPBlue_807606000,,,,,,,,,,,,
SecretSummonAscensionMimicGreen,807692400,807778800.0,,SecretSummon,,,,,,,,,,mimic_ascension_item_green,,,,,,unique_43,unique_43,SecretSummonAscensionMimicGreen_807692400,True,,,,,,,,,,,
lottery_ancient_dragon_2025_8_5,807692400,808038000.0,False,AncientDragonSummon,,dragon_ethir,ancient_dragon,,,,,,,dragon_ethir,dragon_primula,dragon_noctur,,,,unique_151,unique_151,lottery_ancient_dragon_2025_8_5_807692400,,,,,,,,,,,,
lottery_season_untold_tales2_2025_8_6,807778800,808124400.0,False,UntoldTales2Summon,,tales2_motsognir,,tales2_snorri,,,,,,tales2_motsognir,tales2_fimafeng,tales2_fafnir,,,,unique_225,unique_225,lottery_season_untold_tales2_2025_8_6_807778800,True,,,,,,True,,,,,
lottery_limitbreakitemsummon_2025_8_6,807778800,807951600.0,False,LimitBreakItemSummon,,,,,,,,,,,,,,,,unique_253,unique_253,lottery_limitbreakitemsummon_2025_8_6_807778800,,,,,,,,,,,,
lottery_season_season5_2025_7_21,807778800,808124400.0,False,Season5Summon,,s5_meresankh_costume_disco,,,,,,,,s5_meresankh_costume_disco,s5_maat_costume_river,s5_hathor_costume_starlit,,,,unique_201,unique_201,lottery_season_season5_2025_7_21_807778800,,,,,,,,,,,,
RecurringFestivalB,807951600,808297200.0,False,Challenge,,bard_merith,,,,,,,,bard_merith,circus_director_zuri_costume_clown,circus_eiora_and_fluffy_costume_dark,,,,unique_329,unique_329,RecurringFestivalB_807951600,True,True,True,,,,,,,,,
lottery_covenant_2025_8_9,808038000,808383600.0,False,CovenantSummon,,fox_riverfang,,fox_nettletail,,,,,,fox_riverfang,moth_grovevert,magic_carpet_naeem,astral_dwarf_ixinn,astral_dwarf_gongoth,fox_sable,unique_89,unique_89,lottery_covenant_2025_8_9_808038000,True,,,,,,True,,,,,
lottery_ascensionitemsummon_2025_8_9,808038000,808210800.0,False,AscensionItemSummon,,,,,,,,,,,,,,,,unique_272,unique_272,lottery_ascensionitemsummon_2025_8_9_808038000,,,,,,,,,,,,
costume_summon__2025_7_28,808124400,808470000.0,False,CostumeSummon,,,costume_quest3,royal_female_knight_costume_glass,oriental_monkey_captain_costume_glass,orc_warrior_costume_glass,dwarven_smasher_costume_glass,,,exalted_female_statue_costume_glass,nomad_female_lord_costume_glass,,,,,unique_56,unique_56,costume_summon__2025_7_28_808124400,True,,,,,,True,True,True,True,,
PvP_808128000,808128000,808646400.0,,PvPEvent,,,★5 Air Support ALL OK,,,,,,,,,,,,,unique_402,unique_402,PvP_808128000_808128000,,,,,,,,,,,,
lottery_legendary_troop_rogue_fighter,808210800,808470000.0,False,LegendaryTroopSummon,,,,,,,,,,,,,,,,unique_241,unique_241,lottery_legendary_troop_rogue_fighter_808210800,,,,,,,,,,,,
path_of_dragons_11_8_2025,808210800,810630000.0,,PathOfDragonsSeason,,,path_of_dragons_2,,,,,,,,,,,,,unique_368,unique_368,path_of_dragons_11_8_2025_808210800,,,,,,,,,,,,
lottery_super_elemental_blue_2026_2_23,808297200,808642800.0,False,SuperElementalSummon,,elemental_zengar_costume_farmer,super_elemental_quest_blue,,,,,,,elemental_zengar_costume_farmer,slime_gloozmer,,,,,unique_74,unique_74,lottery_super_elemental_blue_2026_2_23_808297200,True,,,,,,,,,,,
lottery_limitbreakitemsummon_2025_8_13,808383600,808556400.0,False,LimitBreakItemSummon,,,,,,,,,,,,,,,,unique_254,unique_254,lottery_limitbreakitemsummon_2025_8_13_808383600,,,,,,,,,,,,
AllianceQuestMoths,808470000,808902000.0,False,AllianceQuest,,moth_lilareine,,moth_joyvert,,,,,,moth_lilareine,moth_pepperbleu,moth_auricarc,,,,unique_323,unique_323,AllianceQuestMoths_808470000,True,,,,,,True,,,,,
lottery_season_atlantis_2025_7_28,808556400,808902000.0,True,Season2Summon,,s2_noble_lady_costume_warrior,,,,,,,,s2_noble_lady_costume_warrior,holy_god_zora,s2_tethys,dark_god_zed,,,unique_166,unique_166,lottery_season_atlantis_2025_7_28_808556400,,,,,,,,,,,,
pickup_summon_081525,808563600,808642800.0,False,PickupSummon,,,,,,,,,,ballerina_armand,fox_silverpaw,,,,,unique_309,unique_309,pickup_summon_081525_808563600,,,,,,,,,,,,
lottery_instantpower_2025_8_16,808642800,808988400.0,,AscensionSummon,,,,,,,,,,tales1_gelert,tales1_lasalle,styx_thanatos,styx_amphitrite,,,unique_9,unique_9,lottery_instantpower_2025_8_16_808642800,,,,,,,,,,,,
lottery_ascensionitemsummon_2025_8_16,808642800,808815600.0,False,AscensionItemSummon,,,,,,,,,,,,,,,,unique_271,unique_271,lottery_ascensionitemsummon_2025_8_16_808642800,,,,,,,,,,,,
PvP_808732800,808732800,809251200.0,,PvPEvent,,,★3 Rush ALL OK,,,,,,,,,,,,,unique_403,unique_403,PvP_808732800_808732800,,,,,,,,,,,,
pvpLeague_0,808815600,,,PvPLeague,,,Sign Up,,,,,,,,,,,,,unique_433,unique_433,pvpLeague_0_808815600,,,,,,,,,,,,
SecretSummonAscensionMimicYellow,808815600,808902000.0,,SecretSummon,,,,,,,,,,mimic_ascension_item_yellow,,,,,,unique_44,unique_44,SecretSummonAscensionMimicYellow_808815600,True,,,,,,,,,,,
lottery_covenant_2025_8_18,808815600,808902000.0,False,CovenantSummon,,owl_cennius,,,,,,,,owl_cennius,owl_pertinax,owl_relius,owl_timius,owl_lodius,owl_mariol,unique_90,unique_90,lottery_covenant_2025_8_18_808815600,,,,,,,,,,,,
lottery_ancient_dragon_2025_8_19,808902000,809247600.0,False,AncientDragonSummon,,dragon_elderclaw,ancient_dragon,,,,,,,dragon_elderclaw,dragon_ombro,dragon_bonefang,,,,unique_152,unique_152,lottery_ancient_dragon_2025_8_19_808902000,,,,,,,,,,,,
lottery_goblin_2025_08_19,808902000,809247600.0,False,GoblinSummon,,garrison_fergus,goblin,,,,,,,garrison_fergus,garrison_godfrey,,,,,unique_106,unique_106,lottery_goblin_2025_08_19_808902000,,,,,,,,,,,,
TowerMagic,808988400,809420400.0,,Tower,,,,,,,,,,magic_carpet_lilli,magic_vaishali_costume_chef,magic_carpet_zazha,,,,unique_327,unique_327,TowerMagic_808988400,True,True,,,,,,,,,,
lottery_limitbreakitemsummon_2025_8_20,808988400,809161200.0,False,LimitBreakItemSummon,,,,,,,,,,,,,,,,unique_255,unique_255,lottery_limitbreakitemsummon_2025_8_20_808988400,,,,,,,,,,,,
lottery_covenant_2025_8_20,809001000,809247600.0,False,CovenantSummon,,fox_riverfang,,,,,,,,fox_riverfang,tales2_dularfulr,bard_astrid,astral_dwarf_ixinn,slime_goldrip,beowulf_beowulf,unique_92,unique_92,lottery_covenant_2025_8_20_809001000,,,,,,,,,,,,
lottery_season_untold_tales1_2025_8_21,809074800,809420400.0,False,UntoldTales1Summon,,tales1_phorcys_costume_warrior_god,,,,,,,,tales1_phorcys_costume_warrior_god,tales1_medea_costume_goddess,tales1_domiventus_costume_supreme,,,,unique_216,unique_216,lottery_season_untold_tales1_2025_8_21_809074800,,,,,,,,,,,,
lottery_ascensionitemsummon_2025_8_23,809247600,809420400.0,False,AscensionItemSummon,,,,,,,,,,,,,,,,unique_273,unique_273,lottery_ascensionitemsummon_2025_8_23_809247600,,,,,,,,,,,,
lottery_wilderness_2025_8_23,809247600,809593200.0,False,WildernessSummon,,wild_cat_stravia,,,,,,,,wild_cat_stravia,faun_ascian,wild_cat_lennart,castle_bear_bearnadette,,,unique_104,unique_104,lottery_wilderness_2025_8_23_809247600,True,,,,,,,,,,,
lottery_astralelves_2025_08_24,809334000,809679600.0,False,AstralElvesSummon,,astral_dwarf_hygil,astralelves,,,,,,,astral_dwarf_hygil,astral_dwarf_salniss,,,,,unique_126,unique_126,lottery_astralelves_2025_08_24_809334000,True,,,,,,,,,,,
PvP_809337600,809337600,809856000.0,,PvPEvent,,,★5 Bloody 🟢❌️,,,,,,,,,,,,,unique_404,unique_404,PvP_809337600_809337600,,,,,,,,,,,,
path_of_valor_25_8_2025,809420400,811839600.0,,ValorSeason,,,path_of_valor_5,,,,,,,,,,,,,unique_353,unique_353,path_of_valor_25_8_2025_809420400,,,,,,,,,,,,
pvpLeague_1,809420400,,,PvPLeague,,,"Round 1: Fighter, Druid
abyss, slayers, magic, villains, circus, hotm2021, hotm2022",,,,,,,,,,,,,unique_434,unique_434,pvpLeague_1_809420400,,,,,,,,,,,,
path_of_giants_25_8_2025,809420400,811839600.0,,GiantsSeason,,,path_of_giants_10,,,,,,,,,,,,,unique_361,unique_361,path_of_giants_25_8_2025_809420400,,,,,,,,,,,,
seasonal_brawl_kalevala_brawl_part_2,809420400,810630000.0,,SeasonalBrawl,,,,,,,,,,,,,,,,unique_442,unique_442,seasonal_brawl_kalevala_brawl_part_2_809420400,,,,,,,,,,,,
lottery_season_valhalla_2025_8_29,809420400,809766000.0,True,Season3Summon,,s3_loki_female_costume_mother,,,,,,,,s3_loki_female_costume_mother,s3_heimdall_costume_dreaded,s3_loki_male_costume_shapeshifter,,,,unique_181,unique_181,lottery_season_valhalla_2025_8_29_809420400,,,,,,,,,,,,
lottery_legendary_troop_rogue_fighter2,809420400,809679600.0,False,LegendaryTroopSummon,,,,,,,,,,,,,,,,unique_242,unique_242,lottery_legendary_troop_rogue_fighter2_809420400,,,,,,,,,,,,
lottery_season_untold_tales2_2025_8_26,809506800,809852400.0,False,UntoldTales2Summon,,tales2_svafa,,tales2_bryggvir,,,,,,tales2_svafa,tales2_motsognir,tales2_thrivaldi,,,,unique_226,unique_226,lottery_season_untold_tales2_2025_8_26_809506800,True,,,,,,True,,,,,
lottery_limitbreakitemsummon_2025_8_27,809593200,809766000.0,False,LimitBreakItemSummon,,,,,,,,,,,,,,,,unique_256,unique_256,lottery_limitbreakitemsummon_2025_8_27_809593200,,,,,,,,,,,,
lottery_super_elemental_purple_2025_9_8,809679600,810025200.0,False,SuperElementalSummon,,elemental_griffex_costume_camera,super_elemental_quest_purple,,,,,,,elemental_griffex_costume_camera,elemental_gastille,,,,,unique_70,unique_70,lottery_super_elemental_purple_2025_9_8_809679600,True,,,,,,,,,,,
SecretSummonAscensionMimicPurple,809766000,809852400.0,,SecretSummon,,,,,,,,,,mimic_ascension_item_purple,,,,,,unique_42,unique_42,SecretSummonAscensionMimicPurple_809766000,True,,,,,,,,,,,
lottery_season_underwild_2025_9_11,809766000,810111600.0,True,Season4Summon,,s4_congalach_costume_kelp,,,,,,,,s4_congalach_costume_kelp,s4_captain_nemo_costume_machinist,s4_russula_costume_painter,,,,unique_192,unique_192,lottery_season_underwild_2025_9_11_809766000,,,,,,,,,,,,
dragon_legendary_1,809766000,810025200.0,,LegendaryDragonQuest,,,dragon_legendary,,,,,,,,,,,,,unique_375,unique_375,dragon_legendary_1_809766000,,,,,,,,,,,,
mercenary_war_30_8_2025,809852400,810284400.0,False,MercenaryWarSummon,,,,,,,,,,outlaw_lu_zhishen,outlaw_li_kui,outlaw_sun_erniang,,,,unique_157,unique_157,mercenary_war_30_8_2025_809852400,True,,,,,,,,,,,
lottery_ascensionitemsummon_2025_8_30,809852400,810025200.0,False,AscensionItemSummon,,,,,,,,,,,,,,,,unique_274,unique_274,lottery_ascensionitemsummon_2025_8_30_809852400,,,,,,,,,,,,
PvP_809942400,809942400,810460800.0,,PvPEvent,,,★5 Rush ALL OK,,,,,,,,,,,,,unique_405,unique_405,PvP_809942400_809942400,,,,,,,,,,,,
pvpLeague_2,810025200,,,PvPLeague,,,"Round 2: Sorcerer, Rogue
abyss, slayers, magic, villains, circus, hotm2021, hotm2022",,,,,,,,,,,,,unique_435,unique_435,pvpLeague_2_810025200,,,,,,,,,,,,
HotM_hotm2025_1995_09,810025200,812617200.0,,HotM,,,,,,,,,,holy_god_aurox,,,,,,unique_320,unique_320,HotM_hotm2025_1995_09_810025200,True,,,,,,,,,,,
pickup_summon_090125,810025200,810111600.0,True,PickupSummon,,,,,,,,,,faun_verity,faun_peregrine,,,,,unique_310,unique_310,pickup_summon_090125_810025200,,,,,,,,,,,,
TreasureQuestAlphaAether,810111600,810284400.0,,TreasureQuest,,,TreasureQuestAlphaAether,midgard,jotunheim,svartalfheim,niflheim,helheim,,,,,,,,unique_343,unique_343,TreasureQuestAlphaAether_810111600,,,,,,,,,,,,
lottery_harvest,810111600,810716400.0,False,HarvestSummon,,vegetable_bartholomew,,,,,,,,vegetable_bartholomew,vegetable_elsbeth,,,,,unique_45,unique_45,lottery_harvest_810111600,True,True,,,,,,,,,,
lottery_ancient_dragon_2025_9_2,810111600,810457200.0,False,AncientDragonSummon,,dragon_firewing,ancient_dragon,,,,,,,dragon_firewing,dragon_spiculum,dragon_aranth,,,,unique_153,unique_153,lottery_ancient_dragon_2025_9_2_810111600,,,,,,,,,,,,
lottery_limitbreakitemsummon_2025_9_03,810198000,810370800.0,False,LimitBreakItemSummon,,,,,,,,,,,,,,,,unique_257,unique_257,lottery_limitbreakitemsummon_2025_9_03_810198000,,,,,,,,,,,,
lottery_season_season5_2025_8_18,810198000,810543600.0,True,Season5Summon,,s5_anubis_costume_dancefloor,,,,,,,,s5_anubis_costume_dancefloor,s5_sneferu_costume_vanquisher,s5_hetepheres_costume_spa,,,,unique_202,unique_202,lottery_season_season5_2025_8_18_810198000,,,,,,,,,,,,
lottery_super_elemental_red_2025_7_14,810284400,810630000.0,False,SuperElementalSummon,,slime_zestique,super_elemental_quest_red,,,,,,,slime_zestique,elemental_ignazio_costume_medic,,,,,unique_68,unique_68,lottery_super_elemental_red_2025_7_14_810284400,True,,,,,,,,,,,
dragon_cave_classic2025_9_5,810370800,810630000.0,,DragonCave,,,dragon_cave_classic,,,,,,,,,,,,,unique_386,unique_386,dragon_cave_classic2025_9_5_810370800,,,,,,,,,,,,
RecurringBeowulf,810370800,810716400.0,,Challenge,,beowulf_freawaru,,,,,,,,beowulf_freawaru,beowulf_grendels_mother,beowulf_hrothgar,,,,unique_2,unique_2,RecurringBeowulf_810370800,True,,,,,,,,,,,
lottery_ascensionitemsummon_2025_9_6,810457200,810630000.0,False,AscensionItemSummon,,,,,,,,,,,,,,,,unique_275,unique_275,lottery_ascensionitemsummon_2025_9_6_810457200,,,,,,,,,,,,
costume_summon__2025_8_25,810543600,810889200.0,False,CostumeSummon,,,costume_quest4,nomad_female_assassin_costume_glass,blackguard_commander_costume_glass,lizardman_warrior_costume_glass,undead_horned_skeleton_costume_glass,,,forest_titan_costume_glass,nordic_ice_enchantress_costume_glass,,,,,unique_57,unique_57,costume_summon__2025_8_25_810543600,True,,,,,,True,True,True,True,,
PvP_810547200,810547200,811065600.0,,PvPEvent,,,★4 Buff Booster 🔴❌️,,,,,,,,,,,,,unique_406,unique_406,PvP_810547200_810547200,,,,,,,,,,,,
path_of_dragons_8_9_2025,810630000,813049200.0,,PathOfDragonsSeason,,,path_of_dragons_3,,,,,,,,,,,,,unique_369,unique_369,path_of_dragons_8_9_2025_810630000,,,,,,,,,,,,
TreasureQuestXPYellow,810630000,810802800.0,,TreasureQuest,,,TreasureQuestXPYellow,halloween,winter,easter,,,,,,,,,,unique_344,unique_344,TreasureQuestXPYellow_810630000,,,,,,,,,,,,
pvpLeague_3,810630000,,,PvPLeague,,,"Round 3: Ranger, Wizard
abyss, slayers, magic, villains, circus, hotm2021, hotm2022",,,,,,,,,,,,,unique_436,unique_436,pvpLeague_3_810630000,,,,,,,,,,,,
2025_09_09,810716400,811062000.0,False,ShadowSummon,,shadow_rosanna,"shadow_quest_part1,shadow_quest_part2",,,,,,,shadow_rosanna,shadow_burton,shadow_atwood,,,,unique_136,unique_136,2025_09_09_810716400,,,,,,,,,,,,
lottery_legendary_troop_druid_wizard,810802800,811062000.0,False,LegendaryTroopSummon,,,,,,,,,,,,,,,,unique_243,unique_243,lottery_legendary_troop_druid_wizard_810802800,,,,,,,,,,,,
lottery_limitbreakitemsummon_2025_9_10,810802800,810975600.0,False,LimitBreakItemSummon,,,,,,,,,,,,,,,,unique_258,unique_258,lottery_limitbreakitemsummon_2025_9_10_810802800,,,,,,,,,,,,
AllianceQuestMoths,810889200,811321200.0,False,AllianceQuest,,moth_mortewitch,,,,,,,,moth_mortewitch,moth_satinpimenter,moth_chunkyroi,,,,unique_324,unique_324,AllianceQuestMoths_810889200,,,,,,,,,,,,
lottery_season_atlantis_2025_8_25,810975600,811321200.0,True,Season2Summon,,s2_skyllaros_costume_reef,,,,,,,,s2_skyllaros_costume_reef,ice_god_callum,s2_ursena_costume_reef,nature_god_mystia,,,unique_167,unique_167,lottery_season_atlantis_2025_8_25_810975600,,,,,,,,,,,,
lottery_ascensionitemsummon_2025_9_13,811062000,811234800.0,False,AscensionItemSummon,,,,,,,,,,,,,,,,unique_276,unique_276,lottery_ascensionitemsummon_2025_9_13_811062000,,,,,,,,,,,,
lottery_covenant_2025_9_13,811062000,811407600.0,False,CovenantSummon,,fox_riverfang,,,,,,,,fox_riverfang,moth_grovevert,magic_carpet_naeem,astral_dwarf_ixinn,astral_dwarf_gongoth,fox_sable,unique_91,unique_91,lottery_covenant_2025_9_13_811062000,,,,,,,,,,,,
PvP_811152000,811152000,811670400.0,,PvPEvent,,,★5 Rush 🔵❌️,,,,,,,,,,,,,unique_407,unique_407,PvP_811152000_811152000,,,,,,,,,,,,
pvpLeague_4,811234800,,,PvPLeague,,,"Round 4: Paladin, Cleric
abyss, slayers, magic, villains, circus, hotm2021, hotm2022",,,,,,,,,,,,,unique_437,unique_437,pvpLeague_4_811234800,,,,,,,,,,,,
SummonChallenge_811234800,811234800,811321200.0,,SummonChallenge,,,,,,,,,20,,,,,,,unique_20,unique_20,SummonChallenge_811234800_811234800,,,,,,,,,,,,
mythic_titan_jormungandr,811234800,811407600.0,,Mythic,,,,,,,,,,,,,,,,unique_332,unique_332,mythic_titan_jormungandr_811234800,,,,,,,,,,,,
lottery_ancient_dragon_2025_9_16,811234800,811580400.0,False,AncientDragonSummon,,dragon_bonefang,ancient_dragon,,,,,,,dragon_bonefang,dragon_lux,dragon_aranth,,,,unique_154,unique_154,lottery_ancient_dragon_2025_9_16_811234800,,,,,,,,,,,,
lottery_goblin_2025_09_16,811321200,811666800.0,False,GoblinSummon,,garrison_flamehide,goblin,,,,,,,garrison_flamehide,garrison_archibald,,,,,unique_107,unique_107,lottery_goblin_2025_09_16_811321200,,,,,,,,,,,,
TowerMagic,811407600,811839600.0,,Tower,,magic_carpet_lando,,,,,,,,magic_carpet_lando,magic_nadezhda_costume_postmaster,magic_carpet_naeem,,,,unique_328,unique_328,TowerMagic_811407600,,,,,,,,,,,,
lottery_limitbreakitemsummon_2025_9_17,811407600,811580400.0,False,LimitBreakItemSummon,,,,,,,,,,,,,,,,unique_259,unique_259,lottery_limitbreakitemsummon_2025_9_17_811407600,,,,,,,,,,,,
lottery_season_untold_tales1_2025_9_18,811494000,811839600.0,False,UntoldTales1Summon,,tales1_atlanteia_costume_siren,,,,,,,,tales1_atlanteia_costume_siren,tales1_gestalt_costume_pearls,tales1_gelert_costume_scavenger,,,,unique_217,unique_217,lottery_season_untold_tales1_2025_9_18_811494000,,,,,,,,,,,,
lottery_instantpower_2025_9_19,811580400,811926000.0,,AscensionSummon,,,,,,,,,,tales1_gelert,tales1_lasalle,styx_thanatos,styx_amphitrite,,,unique_10,unique_10,lottery_instantpower_2025_9_19_811580400,,,,,,,,,,,,
lottery_ascensionitemsummon_2025_9_20,811666800,811839600.0,False,AscensionItemSummon,,,,,,,,,,,,,,,,unique_277,unique_277,lottery_ascensionitemsummon_2025_9_20_811666800,,,,,,,,,,,,
lottery_astralelves_2025_09_21,811753200,812098800.0,False,AstralElvesSummon,,astral_dwarf_haumri,astralelves,,,,,,,astral_dwarf_haumri,astral_dwarf_ixinn,,,,,unique_127,unique_127,lottery_astralelves_2025_09_21_811753200,,,,,,,,,,,,
PvP_811756800,811756800,812275200.0,,PvPEvent,,,★4 Buff Booster ALL OK,,,,,,,,,,,,,unique_408,unique_408,PvP_811756800_811756800,,,,,,,,,,,,
path_of_giants_22_9_2025,811839600,814258800.0,,GiantsSeason,,,path_of_giants_1,,,,,,,,,,,,,unique_362,unique_362,path_of_giants_22_9_2025_811839600,,,,,,,,,,,,
lottery_season_valhalla_2025_9_26,811839600,812185200.0,True,Season3Summon,,s3_bera_costume_conjurer,,,,,,,,s3_bera_costume_conjurer,s3_frigg_costume_clairvoyance,s3_freya_costume_witch,,,,unique_182,unique_182,lottery_season_valhalla_2025_9_26_811839600,,,,,,,,,,,,
path_of_valor_22_9_2025,811839600,814258800.0,,ValorSeason,,,path_of_valor_6,,,,,,,,,,,,,unique_354,unique_354,path_of_valor_22_9_2025_811839600,,,,,,,,,,,,
2025_09_23,811926000,812271600.0,False,ShadowSummon,,shadow_asketel,"shadow_quest_part1,shadow_quest_part2",,,,,,,shadow_asketel,shadow_rosanna,shadow_burton,,,,unique_137,unique_137,2025_09_23_811926000,,,,,,,,,,,,
CovenantQuest1,812012400,812271600.0,,CovenantQuest,,,,,,,,,,,,,,,,unique_340,unique_340,CovenantQuest1_812012400,,,,,,,,,,,,
lottery_limitbreakitemsummon_2025_9_24,812012400,812185200.0,False,LimitBreakItemSummon,,,,,,,,,,,,,,,,unique_260,unique_260,lottery_limitbreakitemsummon_2025_9_24_812012400,,,,,,,,,,,,
lottery_super_elemental_purple_2025_10_6,812098800,812444400.0,False,SuperElementalSummon,,slime_sliposi,super_elemental_quest_purple,,,,,,,slime_sliposi,elemental_gastille,,,,,unique_71,unique_71,lottery_super_elemental_purple_2025_10_6_812098800,True,,,,,,,,,,,
hero_coach3,812098800,812358000.0,,HeroCoach,,,Cutoff: 2023/09/26,,,,,,,,,,,,,unique_13,unique_13,hero_coach3_812098800,,,,,,,,,,,,
lottery_season_underwild_2025_10_9,812185200,812530800.0,True,Season4Summon,,s4_kravekrush_costume_grillmaster,,,,,,,,s4_kravekrush_costume_grillmaster,s4_akkorog_costume_football,s4_zenobia_costume_floral,,,,unique_193,unique_193,lottery_season_underwild_2025_10_9_812185200,,,,,,,,,,,,
lottery_wilderness_2025_9_26,812185200,812530800.0,False,WildernessSummon,,wild_cat_lennart,,,,,,,,wild_cat_lennart,wild_cat_leonie,wild_cat_rajesh,elemental_gastille,,,unique_105,unique_105,lottery_wilderness_2025_9_26_812185200,,,,,,,,,,,,
lottery_ascensionitemsummon_2025_9_27,812271600,812444400.0,False,AscensionItemSummon,,,,,,,,,,,,,,,,unique_278,unique_278,lottery_ascensionitemsummon_2025_9_27_812271600,,,,,,,,,,,,
mercenary_war_14_10_2025,812271600,812703600.0,False,MercenaryWarSummon,,,,,,,,,,outlaw_song_jiang,outlaw_ruan_xiaoqi,outlaw_li_kui,,,,unique_158,unique_158,mercenary_war_14_10_2025_812271600,,,,,,,,,,,,
PvP_812361600,812361600,812880000.0,,PvPEvent,,,★3 Bloody 🔴❌️,,,,,,,,,,,,,unique_409,unique_409,PvP_812361600_812361600,,,,,,,,,,,,
TreasureQuestCovenantSuperElemental,812444400,812617200.0,,TreasureQuest,,,TreasureQuestCovenantSuperElemental,wolf,owl,guardian,mighty_pet,,,,,,,,,unique_345,unique_345,TreasureQuestCovenantSuperElemental_812444400,,,,,,,,,,,,
lottery_ancient_dragon_2025_9_30,812530800,812876400.0,False,AncientDragonSummon,,dragon_bonefang,ancient_dragon,,,,,,,dragon_bonefang,dragon_lux,dragon_aranth,,,,unique_155,unique_155,lottery_ancient_dragon_2025_9_30_812530800,,,,,,,,,,,,
lottery_limitbreakitemsummon_2025_10_1,812617200,812790000.0,False,LimitBreakItemSummon,,,,,,,,,,,,,,,,unique_261,unique_261,lottery_limitbreakitemsummon_2025_10_1_812617200,,,,,,,,,,,,
HotM_hotm2025_1995_10,812617200,815295600.0,,HotM,,,,,,,,,,ice_god_nerasis,,,,,,unique_319,unique_319,HotM_hotm2025_1995_10_812617200,True,,,,,,,,,,,
lottery_season_untold_tales2_2025_10_2,812703600,813049200.0,False,UntoldTales2Summon,,tales2_regin,,,,,,,,tales2_regin,tales2_ott,tales2_gandr,,,,unique_227,unique_227,lottery_season_untold_tales2_2025_10_2_812703600,,,,,,,,,,,,
dragon_cave_classic2025_10_3,812790000,813049200.0,,DragonCave,,,dragon_cave_classic,,,,,,,,,,,,,unique_387,unique_387,dragon_cave_classic2025_10_3_812790000,,,,,,,,,,,,
lottery_ascensionitemsummon_2025_10_4,812876400,813049200.0,False,AscensionItemSummon,,,,,,,,,,,,,,,,unique_279,unique_279,lottery_ascensionitemsummon_2025_10_4_812876400,,,,,,,,,,,,
lottery_season_atlantis_2025_9_22,812962800,813308400.0,True,Season2Summon,,s2_oceanus,,,,,,,,s2_oceanus,dark_god_anoushka,s2_ariel_costume_enchanter,fire_god_eliane,,,unique_168,unique_168,lottery_season_atlantis_2025_9_22_812962800,,,,,,,,,,,,
PvP_812966400,812966400,813484800.0,,PvPEvent,,,★4 Air Support ALL OK,,,,,,,,,,,,,unique_410,unique_410,PvP_812966400_812966400,,,,,,,,,,,,
path_of_dragons_6_10_2025,813049200,815468400.0,,PathOfDragonsSeason,,,path_of_dragons_4,,,,,,,,,,,,,unique_370,unique_370,path_of_dragons_6_10_2025_813049200,,,,,,,,,,,,
RecurringFestivalB,813049200,813394800.0,False,Challenge,,bard_belladonna,,,,,,,,bard_belladonna,bard_ogima,bard_phenexa,,,,unique_330,unique_330,RecurringFestivalB_813049200,,,,,,,,,,,,
lottery_super_elemental_red_2025_8_11,813135600,813481200.0,False,SuperElementalSummon,,elemental_ash,super_elemental_quest_red,,,,,,,elemental_ash,elemental_niki,,,,,unique_69,unique_69,lottery_super_elemental_red_2025_8_11_813135600,,,,,,,,,,,,
costume_summon__2025_9_22,813308400,813654000.0,False,CostumeSummon,,,costume_quest5,,,,,,,lionman_barbarian_costume_cute,magitech_sniper_costume_cute,,,,,unique_58,unique_58,costume_summon__2025_9_22_813308400,,,,,,,,,,,,
PvP_813571200,813571200,814089600.0,,PvPEvent,,,★3 Rush 🟣❌️,,,,,,,,,,,,,unique_411,unique_411,PvP_813571200_813571200,,,,,,,,,,,,
lottery_season_season5_2025_10_13,813999600,814345200.0,True,Season5Summon,,s5_khonshu_costume_knight,,,,,,,,s5_khonshu_costume_knight,s5_cleopatra_costume_feline,s5_anubis_costume_dancefloor,,,,unique_203,unique_203,lottery_season_season5_2025_10_13_813999600,,,,,,,,,,,,
PvP_814176000,814176000,814694400.0,,PvPEvent,,,★4 Bloody ALL OK,,,,,,,,,,,,,unique_412,unique_412,PvP_814176000_814176000,,,,,,,,,,,,
lottery_season_atlantis_2025_10_20,814258800,814604400.0,True,Season2Summon,,s2_cursed_samurai_costume_beetle,,,,,,,,s2_cursed_samurai_costume_beetle,fire_god_zarga,s2_poseidon_costume_slayer,ice_god_claeg,,,unique_169,unique_169,lottery_season_atlantis_2025_10_20_814258800,,,,,,,,,,,,
Halloween2025Summon,814258800,816678000.0,,Halloween2025Summon,,,,,,,,,,halloween_wayne,halloween_chester,halloween_alucard_costume_mafia,,,,unique_395,unique_395,Halloween2025Summon_814258800,,,,,,,,,,,,
costume_summon__2025_10_20,814258800,814604400.0,False,CostumeSummon,,,costume_quest3,,,,,,,nordic_male_lord_costume_cute,tribal_chief_costume_cute,,,,,unique_59,unique_59,costume_summon__2025_10_20_814258800,,,,,,,,,,,,
TreasureQuestAscension,814258800,814431600.0,,TreasureQuest,,,TreasureQuestAscension,classic,,,,,,,,,,,,unique_346,unique_346,TreasureQuestAscension_814258800,,,,,,,,,,,,
path_of_giants_20_10_2025,814258800,816678000.0,,GiantsSeason,,,path_of_giants_2,,,,,,,,,,,,,unique_363,unique_363,path_of_giants_20_10_2025_814258800,,,,,,,,,,,,
path_of_valor_20_10_2025,814258800,816678000.0,,ValorSeason,,,path_of_valor_7,,,,,,,,,,,,,unique_355,unique_355,path_of_valor_20_10_2025_814258800,,,,,,,,,,,,
AllianceQuestMoths,814431600,814863600.0,False,AllianceQuest,,moth_mortewitch,,,,,,,,moth_mortewitch,moth_satinpimenter,moth_chunkyroi,,,,unique_325,unique_325,AllianceQuestMoths_814431600,,,,,,,,,,,,
PvP_814780800,814780800,815299200.0,,PvPEvent,,,★5 Rush 🟡❌️,,,,,,,,,,,,,unique_413,unique_413,PvP_814780800_814780800,,,,,,,,,,,,
dragon_cave_classic2025_10_31,815209200,815468400.0,,DragonCave,,,dragon_cave_classic,,,,,,,,,,,,,unique_388,unique_388,dragon_cave_classic2025_10_31_815209200,,,,,,,,,,,,
PvP_815385600,815385600,815904000.0,,PvPEvent,,,★4 Buff Booster 🔵❌️,,,,,,,,,,,,,unique_414,unique_414,PvP_815385600_815385600,,,,,,,,,,,,
path_of_dragons_3_11_2025,815468400,817887600.0,,PathOfDragonsSeason,,,path_of_dragons_5,,,,,,,,,,,,,unique_371,unique_371,path_of_dragons_3_11_2025_815468400,,,,,,,,,,,,
lottery_season_untold_tales2_2025_11_4,815554800,815900400.0,False,UntoldTales2Summon,,tales2_regin,,,,,,,,tales2_regin,tales2_ott,tales2_gandr,,,,unique_228,unique_228,lottery_season_untold_tales2_2025_11_4_815554800,,,,,,,,,,,,
PvP_815990400,815990400,816508800.0,,PvPEvent,,,★3 Air Support ALL OK,,,,,,,,,,,,,unique_415,unique_415,PvP_815990400_815990400,,,,,,,,,,,,
lottery_season_season5_2025_11_10,816073200,816418800.0,True,Season5Summon,,s5_papyros_costume_colossus,,,,,,,,s5_papyros_costume_colossus,s5_sobek_costume_guardian,s5_meresankh_costume_disco,,,,unique_204,unique_204,lottery_season_season5_2025_11_10_816073200,,,,,,,,,,,,
TreasureQuestXPGreen,816073200,816246000.0,,TreasureQuest,,,TreasureQuestXPGreen,moon,sun,masquerade,cupid,,,,,,,,,unique_347,unique_347,TreasureQuestXPGreen_816073200,,,,,,,,,,,,
mythic_titan_ifrit,816073200,816246000.0,,Mythic,,,,,,,,,,,,,,,,unique_333,unique_333,mythic_titan_ifrit_816073200,,,,,,,,,,,,
PvP_816595200,816595200,817113600.0,,PvPEvent,,,★5 Bloody 🔵❌️,,,,,,,,,,,,,unique_416,unique_416,PvP_816595200_816595200,,,,,,,,,,,,
path_of_valor_17_11_2025,816678000,819097200.0,,ValorSeason,,,path_of_valor_8,,,,,,,,,,,,,unique_356,unique_356,path_of_valor_17_11_2025_816678000,,,,,,,,,,,,
lottery_season_atlantis_2025_11_17,816678000,817023600.0,True,Season2Summon,,s2_fox_girl_costume_white_kitsune,,,,,,,,s2_fox_girl_costume_white_kitsune,nature_god_bo_and_runt,s2_mercenary_woman_costume_dancer,holy_god_may,,,unique_170,unique_170,lottery_season_atlantis_2025_11_17_816678000,,,,,,,,,,,,
costume_summon__2025_11_17,816678000,817023600.0,False,CostumeSummon,,,costume_quest4,,,,,,,nordic_ice_enchantress_costume_cute,oriental_warrior_king_costume_cute,,,,,unique_60,unique_60,costume_summon__2025_11_17_816678000,,,,,,,,,,,,
path_of_giants_17_11_2025,816678000,819097200.0,,GiantsSeason,,,path_of_giants_3,,,,,,,,,,,,,unique_364,unique_364,path_of_giants_17_11_2025_816678000,,,,,,,,,,,,
dragon_legendary_2,817023600,817282800.0,,LegendaryDragonQuest,,,dragon_legendary,,,,,,,,,,,,,unique_376,unique_376,dragon_legendary_2_817023600,,,,,,,,,,,,
PvP_817200000,817200000,817718400.0,,PvPEvent,,,★4 Buff Booster 🟢❌️,,,,,,,,,,,,,unique_417,unique_417,PvP_817200000_817200000,,,,,,,,,,,,
dragon_cave_classic2025_11_28,817628400,817887600.0,,DragonCave,,,dragon_cave_classic,,,,,,,,,,,,,unique_389,unique_389,dragon_cave_classic2025_11_28_817628400,,,,,,,,,,,,
PvP_817804800,817804800,818323200.0,,PvPEvent,,,★3 Rush 🟡❌️,,,,,,,,,,,,,unique_418,unique_418,PvP_817804800_817804800,,,,,,,,,,,,
TreasureQuestGoblinAstral,817887600,818060400.0,,TreasureQuest,,,TreasureQuestGoblinAstral,atlantis,tales1_baddies,tales1_goodies,,,,,,,,,,unique_348,unique_348,TreasureQuestGoblinAstral_817887600,,,,,,,,,,,,
path_of_dragons_1_12_2025,817887600,820306800.0,,PathOfDragonsSeason,,,path_of_dragons_6,,,,,,,,,,,,,unique_372,unique_372,path_of_dragons_1_12_2025_817887600,,,,,,,,,,,,
lottery_season_untold_tales2_2025_12_2,817974000,818319600.0,False,UntoldTales2Summon,,tales2_regin,,,,,,,,tales2_regin,tales2_ott,tales2_gandr,,,,unique_229,unique_229,lottery_season_untold_tales2_2025_12_2_817974000,,,,,,,,,,,,
PvP_818409600,818409600,818928000.0,,PvPEvent,,,★5 Buff Booster 🔵❌️,,,,,,,,,,,,,unique_419,unique_419,PvP_818409600_818409600,,,,,,,,,,,,
lottery_season_season5_2025_12_8,818492400,818838000.0,True,Season5Summon,,s5_cleopatra_costume_feline,,,,,,,,s5_cleopatra_costume_feline,s5_hathor_costume_starlit,s5_hetepheres_costume_spa,,,,unique_205,unique_205,lottery_season_season5_2025_12_8_818492400,,,,,,,,,,,,
mercenary_war_9_12_2025,818578800,819010800.0,False,MercenaryWarSummon,,,,,,,,,,outlaw_song_jiang,outlaw_ruan_xiaoqi,outlaw_li_kui,,,,unique_159,unique_159,mercenary_war_9_12_2025_818578800,,,,,,,,,,,,
PvP_819014400,819014400,819532800.0,,PvPEvent,,,★5 Air Support ALL OK,,,,,,,,,,,,,unique_420,unique_420,PvP_819014400_819014400,,,,,,,,,,,,
lottery_season_atlantis_2025_12_15,819097200,819442800.0,True,Season2Summon,,s2_junglehunter_costume_party,,,,,,,,s2_junglehunter_costume_party,holy_god_aviana,s2_fox_girl_costume_white_kitsune,dark_god_akilius,,,unique_171,unique_171,lottery_season_atlantis_2025_12_15_819097200,,,,,,,,,,,,
path_of_giants_15_12_2025,819097200,821516400.0,,GiantsSeason,,,path_of_giants_4,,,,,,,,,,,,,unique_365,unique_365,path_of_giants_15_12_2025_819097200,,,,,,,,,,,,
path_of_valor_15_12_2025,819097200,821516400.0,,ValorSeason,,,path_of_valor_9,,,,,,,,,,,,,unique_357,unique_357,path_of_valor_15_12_2025_819097200,,,,,,,,,,,,
costume_summon__2025_12_15,819097200,819442800.0,False,CostumeSummon,,,costume_quest5,,,,,,,nomad_female_lord_costume_cute,nordic_male_lord_costume_cute,,,,,unique_61,unique_61,costume_summon__2025_12_15_819097200,,,,,,,,,,,,
PvP_819619200,819619200,820137600.0,,PvPEvent,,,★3 Bloody ALL OK,,,,,,,,,,,,,unique_421,unique_421,PvP_819619200_819619200,,,,,,,,,,,,
TreasureQuestXPRed,819702000,819874800.0,,TreasureQuest,,,TreasureQuestXPRed,kingdom,journey,,,,,,,,,,,unique_349,unique_349,TreasureQuestXPRed_819702000,,,,,,,,,,,,
dragon_cave_classic2025_12_26,820047600,820306800.0,,DragonCave,,,dragon_cave_classic,,,,,,,,,,,,,unique_390,unique_390,dragon_cave_classic2025_12_26_820047600,,,,,,,,,,,,
PvP_820224000,820224000,820742400.0,,PvPEvent,,,★4 Rush 🟣❌️,,,,,,,,,,,,,unique_422,unique_422,PvP_820224000_820224000,,,,,,,,,,,,
path_of_dragons_29_12_2025,820306800,822726000.0,,PathOfDragonsSeason,,,path_of_dragons_7,,,,,,,,,,,,,unique_373,unique_373,path_of_dragons_29_12_2025_820306800,,,,,,,,,,,,
lottery_season_untold_tales2_2025_12_30,820393200,820738800.0,False,UntoldTales2Summon,,tales2_regin,,,,,,,,tales2_regin,tales2_ott,tales2_gandr,,,,unique_230,unique_230,lottery_season_untold_tales2_2025_12_30_820393200,,,,,,,,,,,,
lottery_season_season5_2026_1_5,820911600,821257200.0,True,Season5Summon,,s5_tetisheri_costume_molten,,,,,,,,s5_tetisheri_costume_molten,s5_horus_costume_golden,s5_anubis_costume_dancefloor,,,,unique_206,unique_206,lottery_season_season5_2026_1_5_820911600,,,,,,,,,,,,
mythic_titan_hades,820911600,821084400.0,,Mythic,,,,,,,,,,,,,,,,unique_334,unique_334,mythic_titan_hades_820911600,,,,,,,,,,,,
TreasureQuestXPPurple,821516400,821689200.0,,TreasureQuest,,,TreasureQuestXPPurple,super_elemental,magic,construct,,,,,,,,,,unique_350,unique_350,TreasureQuestXPPurple_821516400,,,,,,,,,,,,
lottery_season_atlantis_2026_1_12,821516400,821862000.0,True,Season2Summon,,s2_mercenary_woman_costume_dancer,,,,,,,,s2_mercenary_woman_costume_dancer,ice_god_sini,s2_hammerhead_hulk_costume_emerald,nature_god_florenna,,,unique_172,unique_172,lottery_season_atlantis_2026_1_12_821516400,,,,,,,,,,,,
costume_summon__2026_1_12,821516400,821862000.0,False,CostumeSummon,,,costume_quest3,,,,,,,exalted_female_statue_costume_cute,elven_archer_costume_cute,,,,,unique_62,unique_62,costume_summon__2026_1_12_821516400,,,,,,,,,,,,
path_of_valor_12_1_2026,821516400,823935600.0,,ValorSeason,,,path_of_valor_10,,,,,,,,,,,,,unique_358,unique_358,path_of_valor_12_1_2026_821516400,,,,,,,,,,,,
path_of_giants_12_1_2026,821516400,823935600.0,,GiantsSeason,,,path_of_giants_5,,,,,,,,,,,,,unique_366,unique_366,path_of_giants_12_1_2026_821516400,,,,,,,,,,,,
dragon_cave_classic2026_1_23,822466800,822726000.0,,DragonCave,,,dragon_cave_classic,,,,,,,,,,,,,unique_391,unique_391,dragon_cave_classic2026_1_23_822466800,,,,,,,,,,,,
path_of_dragons_26_1_2026,822726000,825145200.0,,PathOfDragonsSeason,,,path_of_dragons_8,,,,,,,,,,,,,unique_374,unique_374,path_of_dragons_26_1_2026_822726000,,,,,,,,,,,,
lottery_season_season5_2026_2_2,823330800,823676400.0,True,Season5Summon,,s5_meresankh_costume_disco,,,,,,,,s5_meresankh_costume_disco,s5_maat_costume_river,s5_hathor_costume_starlit,,,,unique_207,unique_207,lottery_season_season5_2026_2_2_823330800,,,,,,,,,,,,
mercenary_war_3_2_2026,823417200,823849200.0,False,MercenaryWarSummon,,,,,,,,,,journey_tang_sanzang,journey_nineheaded_beast,kingdom_guan_yu,,,,unique_160,unique_160,mercenary_war_3_2_2026_823417200,,,,,,,,,,,,
dragon_legendary_3,824281200,824540400.0,,LegendaryDragonQuest,,,dragon_legendary,,,,,,,,,,,,,unique_377,unique_377,dragon_legendary_3_824281200,,,,,,,,,,,,
dragon_legendary_4,831538800,831798000.0,,LegendaryDragonQuest,,,dragon_legendary,,,,,,,,,,,,,unique_378,unique_378,dragon_legendary_4_831538800,,,,,,,,,,,,
dragon_legendary_5,838796400,839055600.0,,LegendaryDragonQuest,,,dragon_legendary,,,,,,,,,,,,,unique_379,unique_379,dragon_legendary_5_838796400,,,,,,,,,,,,
dragon_legendary_6,846054000,846313200.0,,LegendaryDragonQuest,,,dragon_legendary,,,,,,,,,,,,,unique_380,unique_380,dragon_legendary_6_846054000,,,,,,,,,,,,
dragon_legendary_7,853311600,853570800.0,,LegendaryDragonQuest,,,dragon_legendary,,,,,,,,,,,,,unique_381,unique_381,dragon_legendary_7_853311600,,,,,,,,,,,,
dragon_legendary_8,860569200,860828400.0,,LegendaryDragonQuest,,,dragon_legendary,,,,,,,,,,,,,unique_382,unique_382,dragon_legendary_8_860569200,,,,,,,,,,,,
dragon_legendary_9,867826800,868086000.0,,LegendaryDragonQuest,,,dragon_legendary,,,,,,,,,,,,,unique_383,unique_383,dragon_legendary_9_867826800,,,,,,,,,,,,
dragon_legendary_10,875084400,875343600.0,,LegendaryDragonQuest,,,dragon_legendary,,,,,,,,,,,,,unique_384,unique_384,dragon_legendary_10_875084400,,,,,,,,,,,,
dragon_legendary_11,882342000,882601200.0,,LegendaryDragonQuest,,,dragon_legendary,,,,,,,,,,,,,unique_385,unique_385,dragon_legendary_11_882342000,,,,,,,,,,,,
